gene,log2FC,FDR,direction
SLC6A14,4.5330840542172295,1.2340890148553627e-17,up
DUOX2,4.097316943906979,3.2139700460998197e-15,up
MMP3,3.557633601662788,1.3271901420561957e-09,up
DUOXA2,3.3827279970507362,3.6348298295503877e-12,up
MMP1,3.2628469905988338,4.5863323101523636e-10,up
LCN2,3.2448375734635304,2.846336850516547e-19,up
IDO1,3.062183290360996,2.6629482840386303e-11,up
S100A8,2.9457037690280172,3.0872150429161887e-09,up
IL1B,2.9343615324746324,8.99845146109782e-11,up
SAA2,2.684159370977275,5.262320962599081e-10,up
NOS2,2.675260991845133,1.585762683084943e-13,up
CHI3L1,2.6334454173335073,4.223693740200139e-08,up
AQP9,2.5480218735274835,5.224530780245299e-08,up
TCN1,2.5018408671078207,2.0688127717306437e-08,up
MMP12,2.4683508548456645,2.470498560358127e-08,up
PTGS2,2.4349316969016916,8.117155867394328e-09,up
TNIP3,2.424858880750003,2.7476828567887194e-06,up
VSIG1,2.4177445438541225,2.9062179097825786e-07,up
REG1B,2.3668392373287537,0.0015684458345549045,up
CXCL1,2.3386481669006356,2.6629482840386303e-11,up
MMP7,2.2833757300327644,1.8528839086187971e-06,up
CXCL8,2.275013921551797,7.392574658054646e-08,up
TIMP1,2.172806574026957,5.405476388227422e-14,up
KYNU,2.166368125466702,8.447880102092754e-08,up
MUC1,2.10365867270402,1.036296504118286e-11,up
CXCL10,2.096249135208245,1.2061083183486266e-06,up
REG1A,2.0857772895977877,0.001876838101352377,up
SKAP2,2.0619848705798134,3.249531085065188e-10,up
IGHA2,2.0619848705798134,3.249531085065188e-10,up
LOC102723407,2.0619848705798134,3.249531085065188e-10,up
MXRA5,2.009625798214058,6.680036559604849e-15,up
FOLH1B,2.0092960670306574,0.0009944551490901354,up
FOLH1,2.0092960670306574,0.0009944551490901354,up
FCGR3B,2.00019492285677,1.7034508636531518e-09,up
FCGR3A,2.00019492285677,1.7034508636531518e-09,up
CXCL11,1.9701090064566582,1.4227840873277403e-08,up
IL1RN,1.9685786071390066,1.0846451394915886e-10,up
TNFAIP6,1.9505664877610975,6.899680518713917e-06,up
PI3,1.9505232891353028,1.1592257978609513e-06,up
STEAP4,1.9410531599328742,3.7441741159892775e-09,up
OSMR,1.9367097135449205,1.601992254353231e-09,up
SERPINA3,1.9018385956807649,2.7571734332472573e-08,up
SLC7A11,1.8879357883446115,8.610305810090901e-10,up
CDH3,1.8750718254127916,3.156921405145921e-08,up
CFI,1.8716971405787568,8.614486036556806e-10,up
SELE,1.851160352242073,1.3016783339854155e-06,up
IGFBP5,1.8494671761088748,7.63392208920487e-10,up
ABCA12,1.8377951748911174,7.282531233709626e-05,up
SERPINB5,1.831112741898524,5.341320768394679e-08,up
VNN1,1.8271864122907004,1.846624495170514e-05,up
SERPINB3,1.7927042286427044,0.0025461719777648546,up
CXCL9,1.7902726012859418,1.6533546730004266e-06,up
CCL2,1.7787493222204,3.82073390536231e-08,up
FCGR2A,1.7670736415903825,4.3055073928932185e-06,up
GBP4,1.758318095164376,1.4136347400760097e-09,up
ACSL4,1.7292594676183946,6.882034932013222e-09,up
GBP5,1.7239823205438691,2.9980802063873765e-07,up
TNC,1.703852621992601,2.1998723538210713e-06,up
IRAK3,1.6925987456279046,2.6618459627469674e-08,up
WARS,1.6818448261411199,2.134828612921114e-11,up
ADGRL4,1.6743251528276915,1.9736165155450655e-08,up
SOCS3,1.673348881637951,1.2095554851734726e-09,up
C2,1.671464446602008,3.3114386965099206e-14,up
CCL20,1.668759403399048,6.744398196112896e-08,up
DMBT1,1.6664759856205027,7.193193318283108e-05,up
CLDN1,1.6635258076337234,1.6749157733169124e-08,up
SELP,1.660916120975692,1.0579063767574191e-08,up
PLEK,1.6564770321934486,8.344365361047296e-06,up
PDZK1IP1,1.630708832739428,2.0663396194421435e-11,up
IL1A,1.63024170212738,3.342755807526292e-06,up
UBD,1.6262647286009528,1.9065491333873834e-09,up
CXCL2,1.613577991154865,8.152749324463941e-10,up
S100A12,1.6127701635903806,9.864981056128837e-05,up
CXCR1,1.6096708883964048,3.1273623493303844e-06,up
CD55,1.6068914189746302,7.34933799124592e-14,up
ANXA1,1.596527554295454,1.5995318870383863e-06,up
COL6A3,1.5915152057785384,1.6104325362962255e-08,up
ANKRD22,1.5901998888631068,2.598826240222404e-08,up
MUC4,1.5815691658250497,1.046290035041253e-05,up
WNT5A,1.5771110129408,1.1732463753462181e-08,up
SPP1,1.5743198768150135,6.17780012047161e-05,up
PECAM1,1.5732659055454548,1.7047054437287525e-09,up
S100P,1.5674192241997886,1.8041098761992802e-08,up
ICAM1,1.5655925096606786,6.215594385896917e-09,up
CEMIP,1.558365896912795,2.111379430052328e-05,up
IGHV3-41,1.548562186917021,6.7000696884835e-11,up
IGH,1.548562186917021,6.7000696884835e-11,up
HCAR3,1.5270494387404856,0.00017340579457134363,up
PIM2,1.5151920192568706,4.3088254886424215e-07,up
SLCO1B3,1.5094253312436585,0.0005884051549268465,up
C4BPA,1.5088527425132137,0.00023654072110522003,up
PLAU,1.5044716522055968,1.8237426150185446e-07,up
ITGA5,1.5036511157684966,2.1658606155847252e-08,up
MUC5B,1.5026862423816034,0.0018353735883695917,up
MMP10,1.4990396859873147,2.574872653556985e-06,up
RGS5,1.4945364279265325,6.271674027539171e-08,up
SERPINE1,1.4660404249519035,4.244880225580238e-06,up
REG4,1.4626707182431282,3.5342248765151616e-06,up
APOL1,1.456236087986258,3.104945357530974e-10,up
PRDM1,1.4492070946728326,1.935295685598325e-09,up
VWF,1.4385058150523253,1.7156550098659837e-10,up
IL6,1.436944772706128,0.000586150709822443,up
S100A9,1.4327370730713511,4.6192615403810325e-06,up
CSF3R,1.4312868754376327,3.1003177152950065e-06,up
SPINK4,1.4265969977542294,0.00015718610188777125,up
TREM1,1.4265854874413373,1.0411490039278904e-05,up
ADAMTS9,1.4235990061479944,1.4789543563417713e-09,up
FPR2,1.4207530483979918,1.0531358471768616e-05,up
PHLDA1,1.4161036462912326,1.510233422428528e-09,up
IL7R,1.414013788533297,7.031916563126635e-07,up
KCND3,1.413380624544927,4.271489044105757e-11,up
CTSK,1.4115487621078282,4.822882002987466e-07,up
VNN2,1.4109227438773821,6.522313882246342e-05,up
SERPINB7,1.4101651574783274,0.0012803546071874135,up
COL12A1,1.4087170691812911,1.5007025149873856e-05,up
CATSPERB,1.3997564863150105,2.083880445613229e-08,up
PI15,1.396428970508981,0.0027243528327108063,up
VCAN,1.3907618855639532,2.753179283120941e-07,up
CFB,1.3895896747748449,4.410599241023786e-08,up
CALCRL,1.3879959585058197,5.119298247941394e-07,up
GREM1,1.3873854319154333,1.975457895683947e-05,up
SLPI,1.3855378415364745,0.000618012224036001,up
DRAM1,1.3814141588123716,8.630714478452055e-10,up
DAPP1,1.377512949264803,8.043299953566896e-10,up
MMP2,1.371809633215113,2.142924626945918e-06,up
FSTL1,1.371329822707712,4.988719940278792e-08,up
EDNRA,1.3679954345692362,7.307268721677653e-07,up
BACE2,1.3638078576109933,1.7387337658439853e-17,up
CD274,1.362697542057611,1.9288054493891645e-06,up
NCF2,1.3496154976231507,2.20178721978642e-06,up
IGKC,1.349288128031711,7.345142929935907e-10,up
CCL18,1.3450392474814974,0.0016984970248893208,up
IGHD,1.3408213980322543,1.0750087940468332e-10,up
IGHV3-75,1.3358064547251658,3.058686479315908e-11,up
IGHV3-30,1.3358064547251658,3.058686479315908e-11,up
IGHG2,1.3358064547251658,3.058686479315908e-11,up
C4BPB,1.3303212826305506,4.9920242984099015e-08,up
ADGRL2,1.3237711486781185,3.462610102145588e-08,up
COL1A2,1.3221439945882665,6.847088497314923e-08,up
PFKFB3,1.3220437786659662,1.2505962904176012e-08,up
SLC2A3,1.3212958294122688,1.0787396514356361e-06,up
COL1A1,1.3185838929989426,6.086636921476201e-08,up
C14orf99,1.317528310988374,2.6629482840386303e-11,up
IGHV3-69-1,1.317528310988374,2.6629482840386303e-11,up
IGLJ3,1.317528310988374,2.6629482840386303e-11,up
SCFV,1.317528310988374,2.6629482840386303e-11,up
IGHV3-48,1.317528310988374,2.6629482840386303e-11,up
IGHM,1.317528310988374,2.6629482840386303e-11,up
IGK,1.317528310988374,2.6629482840386303e-11,up
IGHV4-31,1.317528310988374,2.6629482840386303e-11,up
IGHV3OR16-7,1.317528310988374,2.6629482840386303e-11,up
IGKV3-20,1.317528310988374,2.6629482840386303e-11,up
IGHV3-23,1.317528310988374,2.6629482840386303e-11,up
IGHA1,1.317528310988374,2.6629482840386303e-11,up
IGHG1,1.317528310988374,2.6629482840386303e-11,up
BGN,1.3140498546543329,3.1355939618208225e-06,up
CXCR2,1.3125663039815016,9.455557904886079e-06,up
TFF1,1.3119062093298126,3.14488277586704e-07,up
ANGPTL2,1.3052590991279,1.0135367688487533e-07,up
C4B_2,1.3048248576379455,5.0264114179618095e-09,up
C4B,1.3048248576379455,5.0264114179618095e-09,up
C4A,1.3048248576379455,5.0264114179618095e-09,up
FCGR1A,1.3041106752933436,2.7631807472317654e-06,up
FCGR1B,1.3041106752933436,2.7631807472317654e-06,up
FCGR1CP,1.3041106752933436,2.7631807472317654e-06,up
RAB31,1.3040392377103611,4.097946606854426e-07,up
TDO2,1.298611015713,0.0004477648580522715,up
IER3,1.2982955856469296,5.769290210957934e-08,up
ADGRF1,1.2924141267854097,4.709838563135171e-05,up
TRIB2,1.2917819423007417,5.580611968808847e-12,up
INHBA,1.2897866005850984,9.015432971308216e-05,up
ALPL,1.2875046312240963,2.164901554215877e-07,up
C3,1.2866492632373205,5.458934346675875e-05,up
STC1,1.2822933360343534,6.34039406699556e-05,up
TGM2,1.27737014988689,1.1414018215035061e-07,up
FPR1,1.272287194369448,5.096298846376785e-06,up
SLAMF7,1.2688136136960901,4.879909047228434e-06,up
SAMD9L,1.2649051572896415,8.305917642177393e-11,up
NFKBIZ,1.2647467087642656,3.2139700460998197e-15,up
EGR1,1.2641287706553914,2.1887531066279965e-07,up
COL4A1,1.2585447088800228,1.88510241035664e-08,up
NR4A2,1.2562365322066613,1.8714500841105047e-06,up
IL13RA2,1.2500669976448187,0.00015843231273273182,up
ADGRE2,1.2482115275169097,2.43830029581678e-07,up
C1R,1.2464869236469394,2.601527777977908e-08,up
IFITM3,1.2431752071691315,4.79144528740094e-19,up
OAS2,1.2413802935089864,5.74270917384077e-10,up
ADGRG6,1.2365799643911242,1.2696316743293132e-07,up
HCAR2,1.232420368856241,0.00022815427999071475,up
ANXA5,1.2282705602029598,8.250460468402989e-13,up
HGF,1.2279753698805491,1.5679238571611612e-06,up
PLA2G7,1.2268579759973548,0.00012108862678323187,up
KDR,1.226271264523783,8.444759967636977e-09,up
LUM,1.2258761821749484,8.472295725368352e-06,up
PGC,1.2235022039719858,0.012024944718446761,up
C1S,1.2227398547193502,3.0795716447945937e-06,up
SRGN,1.2224151177737772,2.3386917843456267e-06,up
COL15A1,1.2208465883091986,1.1848728024830397e-08,up
SERPING1,1.2179312435792804,4.3207872855720716e-07,up
CYR61,1.2097294730195554,6.162187779238055e-06,up
SPARCL1,1.2080814523303394,1.8624682316936251e-06,up
PXDN,1.2078232081390077,2.6721756296379303e-07,up
CDH11,1.2070460369566662,5.9388056884021804e-09,up
CCL4,1.2066781260147996,2.845786675525504e-05,up
CCL4L2,1.2066781260147996,2.845786675525504e-05,up
CCL4L1,1.2066781260147996,2.845786675525504e-05,up
GNA15,1.2028144510808705,1.5029841728554676e-08,up
SLFN11,1.2023823561606735,2.0274373040083524e-07,up
FOS,1.2000676266791714,3.5086736464129865e-06,up
MMP9,1.199678878223044,0.00046720671888622926,up
ITGAX,1.1937973517182856,3.0212157197684833e-06,up
HEG1,1.1933370915243122,6.177143066424871e-09,up
SERPINB9,1.1881033037700863,4.164355251067398e-06,up
MGP,1.18805332381924,4.914061508607397e-05,up
SPARC,1.187483908498935,2.9173042436703376e-07,up
FLT1,1.1857228595417517,2.369860905244211e-09,up
GJA1,1.1838438075206161,1.304296072846012e-06,up
PLS3,1.18213241011152,2.7474194616906957e-16,up
MIR21,1.1812210756390034,2.6648797548672915e-09,up
CXCL5,1.1781023717716703,4.204687619323913e-05,up
TGFBI,1.1762418979809741,1.9770121439452093e-07,up
STRIP2,1.1744637188964075,5.0210987003998675e-08,up
PIK3R3,1.1733092558789648,9.716117402579869e-15,up
SLC7A5,1.170056763978331,3.389640130460169e-09,up
SERPINB4,1.1699362040750536,0.009328810093863327,up
FFAR4,1.1688303687320278,0.0003226427936347613,up
MNDA,1.1672034556194486,1.7714759302335068e-05,up
OLFM4,1.1645834583557217,4.3085562303295253e-05,up
COL3A1,1.1610639730502061,2.5291277481779056e-06,up
HK2,1.160319872683928,5.7646973394514226e-05,up
IL1R1,1.1602207420285326,9.554920115843082e-07,up
CD93,1.1599532280005294,7.874515177682163e-08,up
S100A11,1.158800593397995,4.831355835673218e-17,up
ARNTL2,1.1570192517605733,3.1627468991315396e-11,up
THY1,1.1546795737943967,2.0093626564869735e-06,up
CASP5,1.153047206728326,1.0518274869364789e-05,up
LPCAT1,1.1529122876765223,2.4303491580367236e-13,up
FCGR2B,1.146983348511096,7.954694653664502e-05,up
FCGR2C,1.146983348511096,7.954694653664502e-05,up
VSNL1,1.1465655273958797,0.001485011666148296,up
TRIM22,1.1444850370454551,9.724289264142562e-11,up
HIF1A,1.143005762845668,1.2274625735228995e-11,up
CDC25B,1.1422003873387911,6.836656549804374e-15,up
MYOF,1.1414078517600448,9.31762379713953e-08,up
NMUR2,1.1404294566839335,0.001446967783664144,up
POSTN,1.1397758254698775,0.007473369800610898,up
ACPP,1.1383681627552837,4.677070878649146e-07,up
KCNJ15,1.1369804529164922,2.4814896748294284e-05,up
PITPNC1,1.135816540762681,8.18636621533417e-09,up
HLA-DPA1,1.1348679967404856,3.596246241254815e-08,up
NID1,1.1269303320787492,5.593917508527495e-08,up
TM4SF1,1.126627861387421,0.0002190964564657235,up
RBPMS,1.1264826467346678,3.733578692913441e-11,up
IFI16,1.1251235447399575,4.0471476233192105e-09,up
CYYR1,1.1234682101992632,1.5416657376183774e-08,up
ADGRF5,1.1229063379133217,1.2484867504376936e-07,up
FBN1,1.1171783802293866,4.829471553250189e-06,up
IFITM2,1.1171214225332955,3.970023792960161e-11,up
MZB1,1.1163999572034928,5.852805399359636e-06,up
GPX8,1.115809279582983,6.488220479539648e-10,up
AREG,1.1154056954149025,0.00037081881693913524,up
LAMC1,1.115185985145346,4.262742317880375e-09,up
TFPI2,1.113258707599365,0.00023595482248996497,up
SOD2,1.11188063789165,3.3374085053813335e-07,up
HLA-DPB1,1.1095404595824565,1.236637678000914e-07,up
CDH5,1.1029472686236748,9.553481056729918e-09,up
PTPN13,1.1022567997854127,1.0177484496960912e-09,up
TRIM29,1.0956774080454492,1.9732473530663005e-05,up
F2RL2,1.095327286327171,1.392493003269734e-06,up
SELL,1.0952358610111013,0.0017860303657399577,up
FADS2,1.0927500422716685,5.170350916332666e-05,up
TM4SF18,1.0917446573932335,4.133014035135059e-09,up
STAT1,1.0915096578261192,1.8360208899496696e-11,up
ADAMTS1,1.0908624019836148,8.785010032272433e-08,up
NNMT,1.087889770967232,1.2896522447096846e-07,up
LAX1,1.0862618201342507,4.631102592252785e-05,up
ENG,1.0841324132917514,2.681210825035358e-08,up
CARD6,1.0822005596659636,2.264856132938177e-09,up
PROK2,1.081443654105712,5.383390084269429e-05,up
PCSK1,1.0789374547891137,1.5789516633534938e-05,up
FADS1,1.0789210479857267,6.392515447131811e-07,up
RGS1,1.0781783109223086,1.9448138206149993e-05,up
STX11,1.07737611620243,6.067650123655339e-06,up
FBXO16,1.0754390307785409,2.1250667216268395e-11,up
FN1,1.0717251126152254,0.0004998744942282767,up
DYSF,1.0691577102806562,8.535279753170397e-07,up
ME1,1.0668666827600397,5.2928013608168305e-06,up
STXBP1,1.0620086270068656,3.7097035894027157e-14,up
LOXL2,1.0601885104122628,1.4423375850940488e-06,up
CFH,1.0581227114059173,4.291026060524673e-05,up
MCTP1,1.05759231174894,7.284015165937195e-07,up
NUCB2,1.056946421974632,2.6629482840386303e-11,up
IFITM1,1.0567101552759048,3.8718229220039115e-12,up
FAP,1.0565890440274819,0.00018205517271439861,up
LOC101060256,1.0533194277552838,0.003161923137950614,up
LAMP3,1.0517438131976737,4.754719370509672e-06,up
ARHGAP29,1.0514451453985219,1.6431255025942635e-07,up
SLFN5,1.0499215417346708,2.6794912048427346e-10,up
LY96,1.046293689675478,0.0002596284933376935,up
IL33,1.0445539634228318,5.780060352508244e-06,up
PARP8,1.0425618082536996,1.436872857100695e-15,up
RIPK2,1.0415667708276937,5.432259949324959e-09,up
FFAR2,1.0383489733921794,0.00014053415179677404,up
IGSF6,1.0373897745132128,0.0003747687518282389,up
FCRL5,1.0346975418102504,0.0002684306153871204,up
CEACAM6,1.0337252338319267,0.0007364795763661156,up
SRPX2,1.0301643023520128,2.9396375834860972e-08,up
MTHFD2,1.02525958585254,2.7826285833408772e-11,up
ZG16B,1.0237234364048664,3.2133046346310766e-07,up
LAMA4,1.0230180097896389,2.1196089976657806e-07,up
FCER1G,1.0228778455681802,0.00015541748822700514,up
MSN,1.022300935273785,2.2828865055754355e-06,up
SETD7,1.0175205390544475,8.698934000437255e-13,up
HLA-DQB2,1.0168144238361485,2.542871062835017e-06,up
ENTPD1,1.015517564470926,8.278067919378009e-06,up
BIRC3,1.013547195025371,6.502526508160658e-05,up
PRRX1,1.011803250695558,0.000349247542328269,up
MCAM,1.0086874346723054,4.0926970082365207e-07,up
LYZ,1.0086158770687117,1.2008290410080737e-08,up
IGFBP7,1.0074350803810823,1.834851530347789e-07,up
ASPHD2,1.0054074293731539,4.462965147222407e-10,up
RHOJ,1.0051233005332953,4.2794796774000944e-07,up
CD34,1.0009750100211408,9.468605394175293e-08,up
RAPGEFL1,-1.00143547463108,4.04029363555513e-08,down
SLC52A3,-1.0042217682885841,1.2205905511570855e-09,down
ALDOC,-1.0051601815930233,5.049669685509835e-06,down
LGALS2,-1.0053546675824512,0.00013772437735109678,down
SUGCT,-1.0120246142811826,1.2585204617660447e-10,down
ZNF511-PRAP1,-1.0121725387817104,0.00020562050591707635,down
PRAP1,-1.0121725387817104,0.00020562050591707635,down
RHOU,-1.0273537196078202,5.788778487865697e-09,down
DPP4,-1.028759026071354,0.005431295613450464,down
CYP2S1,-1.0311294553715609,3.7467730563536654e-06,down
SEMA5A,-1.0311657369360478,3.058686479315908e-11,down
GSTA2,-1.0316930569978817,0.019730752119979638,down
ENPP1,-1.0433125961902707,4.049663540643619e-09,down
ACOX1,-1.0447747250544381,3.820935080501739e-08,down
LOC100509620,-1.0452988075158567,1.1760092401477994e-08,down
LOC102724507,-1.0452988075158567,1.1760092401477994e-08,down
AQP7P1,-1.0452988075158567,1.1760092401477994e-08,down
MYO1A,-1.0488790714841478,0.0010448411231467063,down
SLC9A3,-1.0528199271220906,0.0001598469822351341,down
RMDN2,-1.053809451573466,5.0013318157320235e-09,down
ALPI,-1.0555179111892166,0.00723460251377117,down
PTPRR,-1.0579514510919692,5.370594445126101e-08,down
ADIRF,-1.060650614941859,4.579200039061457e-05,down
SLC9A2,-1.063115843509511,0.0005498456253486063,down
HEPACAM2,-1.0641295868631087,0.00394294649187674,down
CYP4F12,-1.067935338717235,1.0356408936783659e-05,down
SGK2,-1.0688850652135322,2.327349738366822e-08,down
EFNA1,-1.0753492933002136,1.6602535140467352e-11,down
MIER3,-1.0758486657870012,2.6629482840386303e-11,down
HRASLS2,-1.0774187312928198,0.0004507674501612019,down
CNGA1,-1.077699901050737,3.340932561371202e-09,down
ENPP3,-1.0777028719075048,0.0012836790477271543,down
PDZD3,-1.0777463864302348,2.7882672556686296e-06,down
MT1JP,-1.0786531167891154,2.6383044150408433e-13,down
TRPV3,-1.0787142280459845,1.7101715801103882e-11,down
HSD3BP4,-1.0806748985946095,1.4327391449747338e-07,down
TDP2,-1.0839493481131068,4.74766814168839e-10,down
BTNL3,-1.088597507378429,0.0001392839820344971,down
BTNL8,-1.088597507378429,0.0001392839820344971,down
MATN2,-1.094787879929699,4.896041832899063e-08,down
ETFDH,-1.0992225980253707,1.3305313621754945e-09,down
A1CF,-1.1000654832352001,1.0371401049698311e-05,down
CHN2,-1.1078814227790748,1.5951584722997367e-05,down
SLC5A9,-1.1083516314318143,0.014774554148607698,down
MT1A,-1.1093637388128883,4.155470663294545e-12,down
CYP2J2,-1.1108088689904836,4.434994573983851e-05,down
EPHX2,-1.1125494575137385,5.856721138703833e-05,down
METTL7B,-1.1167580023287567,6.097645804440504e-06,down
CHAD,-1.1196065496273748,5.258502165191889e-10,down
HNF4G,-1.1279355201210386,0.0018862464679896154,down
VIPR1,-1.1322992405031673,3.6006223586644267e-07,down
MOGAT2,-1.1348699272240985,0.0006924243474983845,down
TMEM37,-1.140197733596727,3.84065422430422e-06,down
INPP5J,-1.141634974550212,1.5654990347823e-07,down
GABRA2,-1.1417420159815048,2.0287513157439903e-08,down
GCNT4,-1.1439359281765293,0.017790235593922902,down
OTC,-1.1483395744149076,0.03166943843445327,down
ADH6,-1.1502185134582463,5.4128888934867584e-05,down
HSD3B2,-1.1519621170385816,0.0006816595183481033,down
USP2,-1.1538298981538064,4.7757965126608134e-08,down
AQP11,-1.157534156088265,8.376362247615961e-06,down
PTGR1,-1.1594766489260078,0.00013646507862698565,down
ABCC2,-1.161630050132132,0.016612086630481922,down
SLC5A11,-1.1626827266316022,8.670353487347272e-05,down
MAOA,-1.1677762227558155,2.612438543738462e-06,down
CDKN2B,-1.168640927250003,1.2774059712234916e-09,down
FRMD1,-1.1738427233181827,1.86074072259507e-18,down
BEST4,-1.1742762970364744,2.8122014319487486e-05,down
SLC35G1,-1.1785955034455622,9.074283145703325e-06,down
PRLR,-1.1785963428398514,6.614318432584734e-06,down
PIGZ,-1.1806598325385824,9.317412462034224e-06,down
MT1X,-1.1830657941305471,6.502481462290026e-11,down
TREH,-1.184538378567657,0.005118735031019978,down
CNTN4,-1.1877823061913304,4.844552095801589e-19,down
SLC7A9,-1.1908300509471514,0.04036595189381375,down
AGMO,-1.1941619736871072,0.013276683559516582,down
UGT1A10,-1.1984489072732547,1.6836474699123652e-06,down
UGT1A1,-1.1984489072732547,1.6836474699123652e-06,down
UGT1A9,-1.1984489072732547,1.6836474699123652e-06,down
UGT1A7,-1.1984489072732547,1.6836474699123652e-06,down
UGT1A8,-1.1984489072732547,1.6836474699123652e-06,down
UGT1A5,-1.1984489072732547,1.6836474699123652e-06,down
UGT1A6,-1.1984489072732547,1.6836474699123652e-06,down
UGT1A4,-1.1984489072732547,1.6836474699123652e-06,down
UGT1A3,-1.1984489072732547,1.6836474699123652e-06,down
APOC3,-1.1986753539370998,0.028799028052905046,down
SUSD2,-1.2013371259392152,0.003086675993526953,down
ADH1C,-1.2015263580940836,0.0012578195465151743,down
C10orf99,-1.2166902751680766,0.017176336334783146,down
FABP2,-1.2167246056812928,0.008654593467446991,down
RNF152,-1.222041955979389,3.908055018979571e-11,down
MIR194-1,-1.222277340029069,0.002741027011053215,down
GDPD2,-1.225545588160677,1.0039535140864552e-07,down
HOXA6,-1.2310728674312896,2.044369495189389e-11,down
FAM151A,-1.2357570886125764,5.326344974201661e-07,down
MAOB,-1.2422157111553904,0.0021440144128354443,down
APOBEC3B,-1.2465221489793858,7.600528442137998e-09,down
RUNDC3B,-1.2467615633905957,3.5384255932776046e-11,down
SLC1A1,-1.2554791574735713,1.6344370749940844e-05,down
AKR1B10,-1.2579882212457765,0.00016507477305186162,down
TMEM63C,-1.2605227373525345,3.720749060523758e-13,down
SLC36A1,-1.26068499202378,2.2334119045864655e-07,down
HNF1A-AS1,-1.2638508720708224,1.0465970565831862e-06,down
FMO4,-1.2650324081368964,2.6836842743648572e-08,down
CNKSR3,-1.265501643390591,8.698934000437255e-13,down
TM6SF2,-1.2706912396992607,0.0078071136078250525,down
STBD1,-1.271279013922304,1.7154163580993794e-19,down
FAM47E-STBD1,-1.271279013922304,1.7154163580993794e-19,down
PFN2,-1.2718457225031754,2.0539603734837627e-11,down
ASPA,-1.2769358000607838,0.0002033010980301533,down
PPARGC1A,-1.2787127597182852,2.7316321567589344e-08,down
PLA2G12B,-1.2837955071601455,0.00028896894623981173,down
NAAA,-1.2885922612959817,4.306227357334947e-13,down
SLC39A5,-1.2897625210861552,3.0248982346799082e-05,down
SLC26A3,-1.2909288977230418,0.0014502907707456111,down
PDK2,-1.2989930140084578,2.52160390860126e-10,down
LEAP2,-1.312983668893759,0.0005379754048366916,down
MGC32805,-1.318927014782239,4.798802052511705e-09,down
SLC16A9,-1.3236131725528537,9.168799064500474e-05,down
TINAG,-1.3247176282938735,1.6222577948485293e-09,down
FMO5,-1.3264830287938683,7.931051899546128e-07,down
SLC10A5,-1.336615504575061,1.8038217339051377e-07,down
FLVCR1,-1.346817285257928,2.2323946556353026e-05,down
SULT2A1,-1.348683336737845,0.0035274835864623354,down
APOA1,-1.354296737991013,0.006715260832527955,down
DPEP1,-1.3581104964059154,0.02704917894575662,down
SLC19A3,-1.364644225559199,1.1551130305742184e-11,down
TUBAL3,-1.3721879526797052,8.963963184921453e-08,down
FMO1,-1.3843398088736816,0.0004271577372180446,down
LRRC19,-1.384958491491016,7.718193507020929e-07,down
SLC3A1,-1.385177475249467,4.1188113648713595e-05,down
SLC13A2,-1.3862924301331976,0.0018430880095789066,down
BRINP3,-1.393374316761105,0.0003728313514600213,down
PBLD,-1.3985638240782254,8.950367867271163e-05,down
ENTPD5,-1.4003377844228382,5.738169402002187e-09,down
PLB1,-1.4060839911273781,0.001828007020745927,down
HSD17B2,-1.4276982771125848,1.0040482279014366e-09,down
MIR215,-1.4310569995216706,0.0019994072302402842,down
CDC14A,-1.4339196095269564,1.7841871041785724e-12,down
MT1G,-1.4495584420459835,2.995102843844421e-10,down
ZG16,-1.4555301777949232,0.00024135588554785099,down
TMEM56-RWDD3,-1.465153692233617,1.950883526282086e-13,down
TMEM56,-1.465153692233617,1.950883526282086e-13,down
ANPEP,-1.4750491867552906,0.0013653971840332448,down
TRHDE,-1.4802852327579261,1.0040482279014366e-09,down
SCIN,-1.4803072937764261,6.633514341906509e-07,down
NR1H4,-1.483264833178647,0.0014371398166049317,down
CAPN13,-1.4917901720031717,8.270127543233887e-06,down
GSTA1,-1.509062107769032,0.008867765042871593,down
MT1F,-1.5194601645533776,3.153192562086227e-10,down
MS4A8,-1.5213016441490446,0.0009371342122054796,down
DHRS11,-1.5215195976691316,2.6205352894048484e-06,down
TMEM236,-1.5305403156062365,2.9416208301430105e-05,down
SLC38A4,-1.5308817473403797,1.670337862628904e-17,down
SLC22A5,-1.5398676273213585,2.999879252092754e-11,down
MEP1A,-1.5705963902209366,4.620426271258815e-05,down
HSD3B1,-1.5712058481104627,4.775877056761732e-09,down
SLC23A3,-1.578362508512157,3.558661749987638e-08,down
SLC23A1,-1.593302031107287,0.00024168545228182142,down
SLC51B,-1.612415393826641,7.687816081258744e-09,down
PDZK1,-1.6297510728456643,0.0007799061495096366,down
PDZK1P1,-1.6297510728456643,0.0007799061495096366,down
NTS,-1.6310650157933395,0.013078728359579309,down
SLC30A10,-1.6363743310861532,1.374478780175274e-07,down
NAT8B,-1.6689022077690279,7.87727624841179e-06,down
SLC6A4,-1.6875639192003202,0.0029622931817893253,down
ACSF2,-1.6885835302034868,3.2175030502213267e-11,down
SLC51A,-1.6994227082299158,6.8498241919308894e-06,down
PHLPP2,-1.707118270081395,1.6382901369624688e-10,down
GBA3,-1.7228855701437604,0.0034153599469661324,down
CHP2,-1.7246007786157485,1.2234302993265082e-06,down
CPO,-1.7335802426522218,0.0020967819944765135,down
CYP4F2,-1.7434096406400652,4.9566001546843714e-05,down
PADI2,-1.7437991703789635,7.01525810673339e-07,down
NAT8,-1.7750547195258992,5.340639977251524e-09,down
B4GALNT2,-1.7914687071828768,2.7677218151347674e-11,down
SLC17A4,-1.808761747273782,2.601527777977908e-08,down
MT1H,-1.8123787014487274,7.790979932383154e-14,down
CUBN,-1.8533752560465118,0.00030152076019333965,down
BMP3,-1.8572945099978835,5.103139794142354e-10,down
CREB3L3,-1.876475336536469,0.0021406579167938893,down
TMEM252,-1.8833407203964034,2.9248798646890843e-07,down
G6PC,-1.8959560052991522,0.00046997043818625594,down
TRPM6,-1.9032918248794894,2.986335527848455e-09,down
SLC6A19,-1.9093239329645808,0.002640306177434471,down
CLDN8,-1.9290407343530651,5.006334104770808e-05,down
PAQR5,-1.9604927820972522,2.846336850516547e-19,down
NAALADL1,-1.9617943858816052,9.79808622227861e-06,down
OTOP2,-1.966501554614168,4.675596644863127e-10,down
GUCA2B,-1.9680482865718734,1.1000946772948507e-13,down
CNTFR,-1.9838683674466129,3.046575288020697e-23,down
SLC10A2,-2.0080943626522227,0.00025386498242941746,down
XPNPEP2,-2.0138765800565537,0.0020830731941740054,down
CYP2B7P,-2.0399884059365743,2.983303008799989e-09,down
SLC5A12,-2.0504663295401677,0.0022487431048569574,down
CDHR1,-2.0729663970486234,6.711243453743233e-11,down
MS4A10,-2.0744023557970417,0.003649806222376901,down
ABCB1,-2.1104216521945016,1.3972527143571472e-07,down
AQP8,-2.1404992344154357,1.601429215161069e-05,down
PCK1,-2.220152227290166,4.402361681343017e-06,down
GUCA2A,-2.230259801752112,1.5876013400562174e-07,down
PRKG2,-2.2524570355274847,6.392515447131811e-07,down
MT1M,-2.3116768261797063,1.950883526282086e-13,down
CYP3A4,-2.3296145230311858,0.0038455098562694312,down
SLC26A2,-2.3352984540919692,3.1598813343546155e-08,down
SLC13A1,-2.5163101544624684,7.772739025180518e-05,down
HMGCS2,-2.5319921614873095,5.227199283012274e-08,down
UGT2A3,-2.5900601611168046,1.280849148729562e-05,down
CYP2B6,-2.6850033112711422,2.6956431892081557e-10,down
ABCG2,-2.7745209469735714,2.0287513157439903e-08,down
TMIGD1,-2.821645008708775,1.931111538862952e-08,down
MEP1B,-2.8415308424471455,0.0002998035048610599,down
