gene,ranking,in_rfecv_support,rank_for_vote
ZG16B,1,True,1
WNT5A,1,True,2
ADH6,1,True,3
ALDOC,1,True,4
ANGPTL2,1,True,5
ANPEP,1,True,6
APOL1,1,True,7
APOBEC3B,1,True,8
TRHDE,1,True,9
TRIM22,1,True,10
TGM2,1,True,11
TINAG,1,True,12
TM4SF18,1,True,13
BRINP3,1,True,14
ARHGAP29,1,True,15
BACE2,1,True,16
BIRC3,1,True,17
CD55,1,True,18
CD34,1,True,19
SLC9A3,1,True,20
SLC9A2,1,True,21
TDP2,1,True,22
TDO2,1,True,23
SLFN11,1,True,24
STXBP1,1,True,25
CARD6,1,True,26
C3,1,True,27
C4BPB,1,True,28
C2,1,True,29
C14orf99,1,True,30
TMEM56-RWDD3,1,True,31
TMEM56,1,True,32
SKAP2,1,True,33
SLC6A14,1,True,34
SLC13A2,1,True,35
CCL20,1,True,36
SLC51B,1,True,37
SLC38A4,1,True,38
SLC30A10,1,True,39
CDC25B,1,True,40
CCL18,1,True,41
PDZD3,1,True,42
PCSK1,1,True,43
CNTN4,1,True,44
COL15A1,1,True,45
COL1A1,1,True,46
PTPRR,1,True,47
PTGS2,1,True,48
RUNDC3B,1,True,49
CNTFR,1,True,50
S100P,1,True,51
S100A8,1,True,52
SCFV,1,True,53
SERPINB9,1,True,54
SERPINB5,1,True,55
SELL,1,True,56
CNGA1,1,True,57
SAA2,1,True,58
SAMD9L,1,True,59
CLDN1,1,True,60
CFI,1,True,61
CDH5,1,True,62
SLC19A3,1,True,63
SLC17A4,1,True,64
ENG,1,True,65
MT1A,1,True,66
EFNA1,1,True,67
EGR1,1,True,68
NNMT,1,True,69
NR4A2,1,True,70
NFKBIZ,1,True,71
NAAA,1,True,72
PCK1,1,True,73
PFN2,1,True,74
CYYR1,1,True,75
CYP2J2,1,True,76
CYP2B6,1,True,77
CXCR1,1,True,78
RBPMS,1,True,79
PXDN,1,True,80
PHLPP2,1,True,81
PDZK1IP1,1,True,82
ITGAX,1,True,83
MGC32805,1,True,84
LY96,1,True,85
GPX8,1,True,86
MATN2,1,True,87
LYZ,1,True,88
HNF1A-AS1,1,True,89
HLA-DQB2,1,True,90
LOC102723407,1,True,91
LOC101060256,1,True,92
LEAP2,1,True,93
LCN2,1,True,94
IL6,1,True,95
IL1RN,1,True,96
MIR215,1,True,97
MMP12,1,True,98
MMP2,1,True,99
MMP9,1,True,100
FRMD1,1,True,101
FOS,1,True,102
GABRA2,1,True,103
G6PC,1,True,104
FLT1,1,True,105
FMO4,1,True,106
MIR21,1,True,107
MIR194-1,1,True,108
FOLH1B,1,True,109
FOLH1,1,True,110
MIER3,1,True,111
MGP,1,True,112
FCGR2C,1,True,113
FCGR2B,1,True,114
FCGR3B,1,True,115
FCGR3A,1,True,116
FCRL5,1,True,117
FFAR4,1,True,118
FADS2,1,True,119
MXRA5,1,True,120
MUC4,1,True,121
MUC1,1,True,122
MT1X,1,True,123
MT1M,1,True,124
MT1JP,1,True,125
MT1H,1,True,126
MT1G,1,True,127
MT1F,1,True,128
IGHV3-75,1,True,129
IGHV3OR16-7,1,True,130
IGHV4-31,1,True,131
IGK,1,True,132
ACPP,1,True,133
ADAMTS9,1,True,134
ADGRF5,1,True,135
IGHV3-69-1,1,True,136
VNN2,1,True,137
VWF,1,True,138
VNN1,1,True,139
USP2,1,True,140
IGHG2,1,True,141
IGHG1,1,True,142
LAX1,1,True,143
LAMC1,1,True,144
IGLJ3,1,True,145
IGKV3-20,1,True,146
IGHM,1,True,147
IGHV3-23,1,True,148
IGHV3-30,1,True,149
IGHV3-41,1,True,150
IGHV3-48,1,True,151
IGH,1,True,152
IFITM3,1,True,153
IGHA2,1,True,154
IGHA1,1,True,155
IDO1,1,True,156
HSD3B1,1,True,157
HSD3B2,1,True,158
HSD3BP4,1,True,159
HOXA6,1,True,160
UGT1A8,2,False,161
SLFN5,2,False,162
NOS2,2,False,163
NID1,2,False,164
PROK2,2,False,165
PRRX1,2,False,166
DMBT1,2,False,167
ANXA1,2,False,168
UGT1A1,2,False,169
SPP1,2,False,170
TRPV3,2,False,171
CDC14A,2,False,172
UGT1A3,2,False,173
UGT1A10,2,False,174
FADS1,2,False,175
HLA-DPB1,2,False,176
HRASLS2,2,False,177
UGT1A9,2,False,178
UGT1A4,2,False,179
UGT1A5,2,False,180
UGT1A6,2,False,181
INHBA,2,False,182
IFITM1,2,False,183
UGT1A7,2,False,184
FAP,2,False,185
AQP9,3,False,186
CLDN8,3,False,187
S100A12,3,False,188
CXCL10,3,False,189
RMDN2,3,False,190
PHLDA1,3,False,191
PLA2G7,3,False,192
S100A11,3,False,193
CEACAM6,3,False,194
TRPM6,3,False,195
C1S,3,False,196
SOD2,3,False,197
SLC36A1,3,False,198
TIMP1,3,False,199
ENPP3,3,False,200
CYP2B7P,3,False,201
RGS5,3,False,202
MYOF,3,False,203
MZB1,3,False,204
FPR1,3,False,205
IFITM2,3,False,206
DAPP1,3,False,207
PADI2,3,False,208
IGHD,3,False,209
IFI16,3,False,210
ENTPD1,4,False,211
DRAM1,4,False,212
SLC23A3,4,False,213
ALPI,4,False,214
NMUR2,4,False,215
PTPN13,4,False,216
TM4SF1,4,False,217
BEST4,4,False,218
AQP7P1,4,False,219
ASPHD2,4,False,220
TNIP3,4,False,221
SULT2A1,4,False,222
TFF1,4,False,223
TRIM29,4,False,224
GUCA2B,4,False,225
LOC102724507,4,False,226
LOC100509620,4,False,227
MMP1,4,False,228
FCGR1A,4,False,229
FAM151A,4,False,230
FCGR1CP,4,False,231
FCGR1B,4,False,232
ACSF2,4,False,233
ITGA5,4,False,234
WARS,4,False,235
IL13RA2,5,False,236
HK2,5,False,237
ADGRG6,5,False,238
HEG1,5,False,239
BGN,5,False,240
LAMA4,5,False,241
C4BPA,5,False,242
CAPN13,5,False,243
LRRC19,5,False,244
GJA1,5,False,245
PGC,5,False,246
DPEP1,5,False,247
EPHX2,5,False,248
ENPP1,5,False,249
STX11,5,False,250
FBN1,5,False,251
PIGZ,5,False,252
SERPINB7,5,False,253
CHN2,5,False,254
ADAMTS1,5,False,255
SERPINB3,5,False,256
COL3A1,5,False,257
CSF3R,5,False,258
CXCR2,5,False,259
ALPL,5,False,260
FPR2,6,False,261
FABP2,6,False,262
SLPI,6,False,263
OSMR,6,False,264
PI3,6,False,265
CATSPERB,6,False,266
OTOP2,6,False,267
CYP4F2,6,False,268
SLC16A9,6,False,269
COL1A2,6,False,270
PRDM1,6,False,271
REG1B,6,False,272
INPP5J,6,False,273
CFH,6,False,274
RHOJ,6,False,275
STEAP4,6,False,276
GBP4,6,False,277
GNA15,6,False,278
LPCAT1,6,False,279
SRPX2,6,False,280
MAOA,6,False,281
S100A9,6,False,282
ABCC2,6,False,283
GSTA1,6,False,284
IL1R1,6,False,285
FBXO16,7,False,286
MSN,7,False,287
LUM,7,False,288
MOGAT2,7,False,289
IL33,7,False,290
MS4A8,7,False,291
PIM2,7,False,292
PLS3,7,False,293
PIK3R3,7,False,294
TCN1,7,False,295
DPP4,7,False,296
OAS2,7,False,297
TMIGD1,7,False,298
ETFDH,7,False,299
AQP11,7,False,300
MCTP1,7,False,301
CHI3L1,7,False,302
ADGRF1,7,False,303
PRKG2,7,False,304
RIPK2,7,False,305
CD93,7,False,306
CYP2S1,7,False,307
POSTN,7,False,308
SERPING1,7,False,309
PECAM1,7,False,310
RAPGEFL1,8,False,311
SCIN,8,False,312
ACOX1,8,False,313
SLC5A11,8,False,314
PRAP1,8,False,315
CASP5,8,False,316
CD274,8,False,317
AQP8,8,False,318
HCAR2,8,False,319
CCL4L2,8,False,320
CCL4L1,8,False,321
CCL4,8,False,322
ME1,8,False,323
GCNT4,8,False,324
TM6SF2,8,False,325
ABCA12,8,False,326
ADGRL4,8,False,327
ZNF511-PRAP1,8,False,328
VSNL1,8,False,329
ANKRD22,8,False,330
TNC,8,False,331
SLC26A2,8,False,332
TREH,8,False,333
A1CF,8,False,334
VSIG1,8,False,335
PDK2,9,False,336
PLEK,9,False,337
PAQR5,9,False,338
NAT8,9,False,339
CALCRL,9,False,340
METTL7B,9,False,341
MEP1A,9,False,342
MCAM,9,False,343
CDH11,9,False,344
SLC2A3,9,False,345
NAALADL1,9,False,346
DYSF,9,False,347
IL1B,9,False,348
KYNU,9,False,349
BMP3,9,False,350
MEP1B,9,False,351
HEPACAM2,9,False,352
IER3,9,False,353
F2RL2,9,False,354
FMO1,9,False,355
COL4A1,9,False,356
PPARGC1A,9,False,357
SERPINA3,9,False,358
CHAD,9,False,359
CHP2,9,False,360
ARNTL2,10,False,361
HGF,10,False,362
HCAR3,10,False,363
LOXL2,10,False,364
C10orf99,10,False,365
GBA3,10,False,366
MMP3,10,False,367
PARP8,10,False,368
PFKFB3,10,False,369
CCL2,10,False,370
CYR61,10,False,371
IGFBP7,10,False,372
SLC51A,10,False,373
CXCL11,10,False,374
SERPINB4,10,False,375
SERPINE1,10,False,376
HNF4G,10,False,377
TREM1,10,False,378
IRAK3,10,False,379
SLAMF7,10,False,380
XPNPEP2,10,False,381
TNFAIP6,10,False,382
APOA1,10,False,383
DUOXA2,10,False,384
SLC35G1,10,False,385
ADGRL2,11,False,386
VIPR1,11,False,387
EDNRA,11,False,388
MMP10,11,False,389
FFAR2,11,False,390
SPINK4,11,False,391
FN1,11,False,392
SLCO1B3,11,False,393
DUOX2,11,False,394
GREM1,11,False,395
APOC3,11,False,396
ABCG2,11,False,397
NCF2,11,False,398
NR1H4,11,False,399
SLC5A12,11,False,400
SLC1A1,11,False,401
CUBN,11,False,402
CREB3L3,11,False,403
ICAM1,11,False,404
SLC13A1,11,False,405
SELP,11,False,406
ACSL4,11,False,407
CDKN2B,11,False,408
CYP3A4,11,False,409
CYP4F12,11,False,410
PLA2G12B,12,False,411
HMGCS2,12,False,412
HLA-DPA1,12,False,413
PLB1,12,False,414
SLC7A9,12,False,415
ENTPD5,12,False,416
MTHFD2,12,False,417
DHRS11,12,False,418
NAT8B,12,False,419
KCNJ15,12,False,420
TGFBI,12,False,421
C4A,12,False,422
C4B_2,12,False,423
C4B,12,False,424
FSTL1,12,False,425
MS4A10,12,False,426
MNDA,12,False,427
PITPNC1,12,False,428
REG1A,12,False,429
COL6A3,12,False,430
CNKSR3,12,False,431
PTGR1,12,False,432
CTSK,12,False,433
RNF152,12,False,434
CXCL2,12,False,435
ZG16,13,False,436
AGMO,13,False,437
ANXA5,13,False,438
IGFBP5,13,False,439
CFB,13,False,440
SEMA5A,13,False,441
RHOU,13,False,442
REG4,13,False,443
SLC52A3,13,False,444
PRLR,13,False,445
SLC6A19,13,False,446
SLC22A5,13,False,447
FAM47E-STBD1,13,False,448
MYO1A,13,False,449
SLC26A3,13,False,450
CXCL5,13,False,451
SPARCL1,13,False,452
SOCS3,13,False,453
HIF1A,13,False,454
IL1A,13,False,455
B4GALNT2,13,False,456
AREG,13,False,457
SRGN,13,False,458
STBD1,13,False,459
VCAN,13,False,460
SLC39A5,14,False,461
SLC23A1,14,False,462
SGK2,14,False,463
RGS1,14,False,464
CXCL1,14,False,465
MUC5B,14,False,466
SPARC,14,False,467
MAOB,14,False,468
BTNL3,14,False,469
C1R,14,False,470
BTNL8,14,False,471
ASPA,14,False,472
UBD,14,False,473
LGALS2,14,False,474
GUCA2A,14,False,475
FMO5,14,False,476
CDH3,14,False,477
KDR,14,False,478
ADH1C,14,False,479
TMEM252,14,False,480
TMEM236,14,False,481
TMEM37,14,False,482
IGKC,14,False,483
TUBAL3,14,False,484
ADIRF,14,False,485
FCGR2A,15,False,486
OTC,15,False,487
PDZK1,15,False,488
OLFM4,15,False,489
CXCL8,15,False,490
COL12A1,15,False,491
SELE,15,False,492
HSD17B2,15,False,493
STRIP2,15,False,494
NUCB2,15,False,495
ABCB1,15,False,496
TRIB2,15,False,497
SETD7,15,False,498
ADGRE2,15,False,499
UGT2A3,15,False,500
CXCL9,15,False,501
RAB31,15,False,502
PI15,15,False,503
PDZK1P1,15,False,504
NTS,15,False,505
TFPI2,15,False,506
GSTA2,15,False,507
IGSF6,15,False,508
IL7R,15,False,509
FLVCR1,15,False,510
FCER1G,16,False,511
CPO,16,False,512
SLC5A9,16,False,513
SLC10A5,16,False,514
SLC10A2,16,False,515
CEMIP,16,False,516
SLC6A4,16,False,517
SLC7A11,16,False,518
SLC7A5,16,False,519
SUGCT,16,False,520
STC1,16,False,521
SUSD2,16,False,522
SLC3A1,16,False,523
PBLD,16,False,524
PLAU,16,False,525
AKR1B10,16,False,526
CDHR1,16,False,527
LAMP3,16,False,528
KCND3,16,False,529
STAT1,16,False,530
TMEM63C,16,False,531
THY1,16,False,532
GDPD2,16,False,533
MMP7,16,False,534
GBP5,16,False,535
