feature,score,p_value,rank
V45,4555.193871004137,0.0,1
V86,4184.940506853436,0.0,2
V87,4002.078398816539,0.0,3
V44,3973.0682653550966,0.0,4
V52,3217.951719973313,0.0,5
V51,2762.9416626067523,0.0,6
V40,2464.229884987398,0.0,7
V79,2336.611762103494,0.0,8
V39,2227.2717907024557,0.0,9
V43,2179.1614375502213,0.0,10
V94,2168.173600335774,0.0,11
V38,2146.1949317291756,0.0,12
V18,2116.0230573899175,0.0,13
V33,2104.5020230798737,0.0,14
D7,2091.1643283739927,0.0,15
V17,2089.1441059594827,0.0,16
V34,2058.6608605503834,0.0,17
V93,2042.8555025746455,0.0,18
addr2_isna,2034.3488271553783,0.0,19
addr1_isna,2034.3488271553783,0.0,20
V15,2030.553961494888,0.0,21
V92,2003.5647161659285,0.0,22
V74,2001.8693989764304,0.0,23
V16,1984.6977164911393,0.0,24
D12,1980.1549306656148,0.0,25
V81,1973.5761574696585,0.0,26
V42,1961.0153309912757,0.0,27
card3,1945.7327615199815,0.0,28
V80,1860.0045064452722,0.0,29
D14,1830.6615526635007,0.0,30
V50,1793.347205231596,0.0,31
id_10,1760.0976020623511,0.0,32
id_09,1760.09125876293,0.0,33
D9,1759.3904113443314,0.0,34
V85,1755.702469401003,0.0,35
V73,1742.6229215660387,0.0,36
V58,1727.0308423754043,0.0,37
V57,1711.7231671742259,0.0,38
V21,1708.9510234831282,0.0,39
V31,1707.9669273618733,0.0,40
V37,1698.4420398252962,0.0,41
V32,1693.1435650711717,0.0,42
V84,1671.6650519742163,0.0,43
V77,1664.6554915737795,0.0,44
id_20,1611.7841072906704,0.0,45
D6,1604.277637735358,0.0,46
id_17,1582.7110224968792,0.0,47
V22,1581.3148236109337,0.0,48
id_13,1579.0777171085685,0.0,49
id_03,1566.0701670033034,0.0,50
id_04,1565.06343405952,0.0,51
id_11,1538.7886437574125,0.0,52
id_05,1535.0331595239177,0.0,53
id_06,1524.4238956886775,0.0,54
V171,1504.4153346771154,0.0,55
D13,1503.1713890810584,0.0,56
V201,1503.115352943195,0.0,57
V170,1502.5595355174048,0.0,58
V200,1501.9070458252954,0.0,59
V189,1499.7542374822901,0.0,60
V188,1499.009837622732,0.0,61
V169,1496.9348020519906,0.0,62
V198,1496.7247147063972,0.0,63
V208,1496.655713036558,0.0,64
V185,1496.6044569092958,0.0,65
V184,1496.5316097527575,0.0,66
V195,1496.4854105036954,0.0,67
V197,1496.4553983817527,0.0,68
V194,1496.306643708723,5e-324,69
V199,1495.9871456592414,5e-324,70
V174,1495.7814742015985,5e-324,71
V175,1495.760830498756,5e-324,72
V176,1495.0786217444709,5e-324,73
V190,1494.9578073715581,5e-324,74
V180,1494.030808058065,1e-323,75
V187,1493.2322525677928,1e-323,76
V186,1492.7575671795923,1.5e-323,77
V196,1490.4472758148695,4.4e-323,78
V192,1490.4180530299711,4.4e-323,79
V191,1490.3666727658772,4.4e-323,80
V193,1490.3151123334424,5e-323,81
V181,1490.213825921753,5e-323,82
V173,1489.7330926891689,6.4e-323,83
V172,1489.6152921369019,7e-323,84
V183,1489.4630577348548,7.4e-323,85
V182,1488.3972936211583,1.24e-322,86
V210,1482.5774453497904,2.134e-321,87
V72,1479.6524975276095,8.98e-321,88
V167,1477.9555442987337,2.067e-320,89
V177,1477.8799558968083,2.1457e-320,90
V179,1472.2205240002986,3.45974e-319,91
V168,1470.192339021592,9.37124e-319,92
id_01,1468.7989029062537,1.85833e-318,93
V178,1462.482119349777,4.1403235e-317,94
V71,1457.6935387588233,4.3543317e-316,95
V302,1440.8302899224877,1.73001558556e-312,96
V271,1438.5533787828788,5.29750286218e-312,97
V272,1436.2756180001204,1.622885484943e-311,98
id_19,1430.5656440082387,2.68667880045607e-310,99
V270,1415.8048336387062,3.807753476655806e-307,100
V222,1413.2865951247077,1.3133350007690746e-306,101
V304,1412.6947114559132,1.756952206478854e-306,102
V221,1411.0689020661744,3.907712463884133e-306,103
V259,1410.219500148751,5.933352193059089e-306,104
V245,1407.8266700889017,1.924265813296101e-305,105
V220,1406.4392965430332,3.806553817482907e-305,106
V239,1406.3916208081694,3.8968437305798883e-305,107
V238,1406.0680892737003,4.568802475376368e-305,108
V256,1406.041158025656,4.629706923244903e-305,109
V227,1405.9965614853195,4.732351673061046e-305,110
V255,1405.7344530549517,5.383316394308591e-305,111
V251,1405.588760122093,5.783124099953022e-305,112
V250,1405.4444005785424,6.20855355096871e-305,113
V234,1400.9904984436666,5.5481388217133945e-304,114
V214,1378.6004147160809,3.36126133014907e-299,115
V78,1369.6912184536984,2.6904297815915235e-297,116
V63,1362.7806733160196,8.059501927395599e-296,117
V123,1359.9827623613778,3.192557773854928e-295,118
V206,1344.7455831115326,5.757695924923471e-292,119
V64,1335.4640182078833,5.546073358546362e-290,120
V47,1329.0322363627374,1.3145613501496823e-288,121
V218,1324.5855315183892,1.1730912726534969e-287,122
V229,1323.0717139174515,2.4714156822275689e-287,123
V232,1322.7605420035404,2.8804932985853235e-287,124
V258,1322.4027314315758,3.435251143011379e-287,125
V219,1322.3128147715568,3.590712637194142e-287,126
V230,1321.1910568983983,6.23719174848286e-287,127
V257,1321.0604255331914,6.651438547645427e-287,128
V233,1321.054389155675,6.671232033474764e-287,129
V217,1320.702120699739,7.934408280610717e-287,130
V231,1319.8005443920097,1.2366775685602422e-286,131
V228,1319.7953643344306,1.239835021248252e-286,132
V246,1319.6000531624534,1.3649553962242306e-286,133
V243,1318.0671721376946,2.902877910548115e-286,134
V244,1317.5795651127937,3.690406925831457e-286,135
V242,1317.324841573852,4.1834236941913136e-286,136
V261,1316.2505292218898,7.099244076897135e-286,137
V262,1315.415904539538,1.0706587135569076e-285,138
V236,1315.103310580677,1.2487707313058515e-285,139
V253,1314.934805026409,1.3567780447613463e-285,140
V248,1314.8245206895403,1.432476099555118e-285,141
V254,1314.7636665948132,1.4760391828729218e-285,142
V237,1314.7257736320082,1.5038320710409275e-285,143
V260,1314.6824593592376,1.5362428368962729e-285,144
V252,1314.6694155416828,1.546139306553938e-285,145
V235,1314.6505982928675,1.560528568921944e-285,146
V249,1314.6022777657574,1.5980949990689308e-285,147
V247,1314.4687817154006,1.70664784075856e-285,148
V224,1314.3448805548796,1.8139858905123054e-285,149
V225,1314.0831876070008,2.0634019136733725e-285,150
V223,1313.76999668334,2.4073778636058663e-285,151
V240,1313.767548862557,2.410280624363361e-285,152
V241,1313.762835911469,2.4158793622739635e-285,153
V226,1313.7048078646865,2.4858888749269387e-285,154
V209,1299.6721646279968,2.488571699522085e-282,155
V59,1288.2287589482505,6.969281319997819e-280,156
V205,1271.2714213349213,2.9530877669151655e-276,157
V60,1263.2312293367136,1.5499234837053912e-274,158
D8,1257.7099773036996,2.352730923549217e-273,159
V23,1244.5915432974364,1.5086074687818438e-270,160
V303,1218.01128530532,7.370954963901868e-265,161
V276,1211.7716223603775,1.5968984909731005e-263,162
id_02,1185.940570727006,5.422544383642758e-258,163
V111,1184.8143453477646,9.449133208583715e-258,164
V266,1176.0520554276186,7.112415158121654e-256,165
V269,1172.3310674721124,4.456647370206286e-255,166
V216,1143.345237716726,7.223580653674505e-249,167
V278,1123.134441211045,1.5487510631080095e-244,168
V277,1056.3147152072297,3.294759849657316e-230,169
V268,1051.5899697386417,3.3994378230191275e-229,170
V113,1002.5382443379009,1.143033494699373e-218,171
V273,990.348988950229,4.731263686309782e-216,172
V283,932.2283301976302,1.4414945936697882e-203,173
V125,877.5448546647684,8.190627091841948e-192,174
V24,868.7858495258088,6.265055970157593e-190,175
V263,864.0517309153669,6.532543875489048e-189,176
V90,839.1166067228293,1.5098057751719177e-183,177
V29,818.002356731944,5.275770912206743e-179,178
V69,809.1540327083954,4.233147902470231e-177,179
V282,796.4694470824385,2.2756611140370213e-174,180
V108,795.5851162665299,3.5276367330522147e-174,181
V275,782.2593656976039,2.609148884428018e-171,182
V112,775.3495596240886,8.023814138856561e-170,183
V91,769.6753822432972,1.3375313652254738e-168,184
V114,754.3903701450068,2.620518471960693e-165,185
V267,752.7385801023295,5.945549273357815e-165,186
V70,750.0304062745762,2.2780626313723182e-164,187
V46,745.0808845080265,2.65344936765576e-163,188
V30,743.049692346902,7.267745764836275e-163,189
V215,740.3288595654001,2.802727055833253e-162,190
V48,679.2195650093133,4.159946575618292e-149,191
V274,669.7221061980196,4.6474579704822185e-147,192
V207,655.6058726407907,5.151193286471524e-144,193
V5_isna,631.2200377624332,9.399720049649311e-139,194
V9_isna,631.2200377624332,9.399720049649311e-139,195
V11_isna,631.2200377624332,9.399720049649311e-139,196
V10_isna,631.2200377624332,9.399720049649311e-139,197
V7_isna,631.2200377624332,9.399720049649311e-139,198
V8_isna,631.2200377624332,9.399720049649311e-139,199
D11_isna,631.2200377624332,9.399720049649311e-139,200
V1_isna,631.2200377624332,9.399720049649311e-139,201
V2_isna,631.2200377624332,9.399720049649311e-139,202
V3_isna,631.2200377624332,9.399720049649311e-139,203
V4_isna,631.2200377624332,9.399720049649311e-139,204
V6_isna,631.2200377624332,9.399720049649311e-139,205
V49,629.6881260261607,2.0122692904543096e-138,206
dist2,571.5454649147831,7.176810756452252e-126,207
V116,569.1495385334686,2.3627613447073325e-125,208
V110,563.3071811100596,4.318890215180291e-124,209
V265,517.4711938375272,3.467257628292978e-114,210
V10,512.8709986626573,3.423207911543939e-113,211
V11,485.84177258689976,2.3932198827610983e-107,212
id_18,481.02262072324976,2.6381839970354577e-106,213
D15,439.6649625661238,2.3439567182390266e-97,214
V281,394.51308974619536,1.4028055640228726e-87,215
D10,384.60309452435837,1.9677363329440986e-85,216
dist1_isna,359.90670102068697,4.427412216495943e-80,217
V124,359.40002595071473,5.7014260283310306e-80,218
V67,349.52204997375475,7.897468963710964e-78,219
D1,346.18958810821937,4.169167601052247e-77,220
V62,342.1048316968079,3.204756784252829e-76,221
D2,332.5052592363089,3.869739434081081e-74,222
V83,320.5074977984559,1.5497870844496056e-71,223
V264,297.64799778976374,1.4156253930955954e-66,224
V109,268.64729676232935,2.8066415092666234e-60,225
V35,258.49747554046496,4.5001622350766245e-58,226
V115,256.79996690328454,1.0521297612111665e-57,227
D4,252.5883417723051,8.654887304059317e-57,228
V117,246.09766731212716,2.227947662787735e-55,229
D2_isna,238.57751890434187,9.607640738671115e-54,230
V36,229.37539267617387,9.626107524754688e-52,231
V61_isna,226.37608900204197,4.3223183356044964e-51,232
V60_isna,226.37608900204197,4.3223183356044964e-51,233
V56_isna,226.37608900204197,4.3223183356044964e-51,234
V57_isna,226.37608900204197,4.3223183356044964e-51,235
V58_isna,226.37608900204197,4.3223183356044964e-51,236
V59_isna,226.37608900204197,4.3223183356044964e-51,237
V62_isna,226.37608900204197,4.3223183356044964e-51,238
V63_isna,226.37608900204197,4.3223183356044964e-51,239
V64_isna,226.37608900204197,4.3223183356044964e-51,240
V65_isna,226.37608900204197,4.3223183356044964e-51,241
V66_isna,226.37608900204197,4.3223183356044964e-51,242
V67_isna,226.37608900204197,4.3223183356044964e-51,243
V68_isna,226.37608900204197,4.3223183356044964e-51,244
V69_isna,226.37608900204197,4.3223183356044964e-51,245
V70_isna,226.37608900204197,4.3223183356044964e-51,246
V71_isna,226.37608900204197,4.3223183356044964e-51,247
V72_isna,226.37608900204197,4.3223183356044964e-51,248
V73_isna,226.37608900204197,4.3223183356044964e-51,249
V74_isna,226.37608900204197,4.3223183356044964e-51,250
V53_isna,226.37608900204197,4.3223183356044964e-51,251
V54_isna,226.37608900204197,4.3223183356044964e-51,252
V55_isna,226.37608900204197,4.3223183356044964e-51,253
D11,226.00995495572928,5.19212382826039e-51,254
V119,197.49313272179788,8.323121398036002e-45,255
V56,183.80352103363774,7.966774522171636e-42,256
V61,180.7088657165818,3.761753172657059e-41,257
V82,178.0249482454449,1.4457677296977483e-40,258
V315,176.37019536003484,3.3161218672957252e-40,259
V289,158.1623167067517,3.086795790833636e-36,260
V118,149.1512205274365,2.8513092543193917e-34,261
V20,137.65617275012625,9.201212808219309e-32,262
V55,137.48544573829108,1.0025812266237996e-31,263
V313,128.4407342650012,9.4718041481128e-30,264
D5,120.78088473385394,4.469781134731321e-28,265
V12,115.16933081107342,7.53655075157432e-27,266
D3,113.83573267209316,1.475125692529455e-26,267
V290,111.3101467816715,5.263377379973865e-26,268
V288,109.8629997267405,1.0910966326960186e-25,269
V314,106.81081517626644,5.078577587379745e-25,270
V75,102.12765982305245,5.381399143048194e-24,271
D3_isna,99.09421391596858,2.4842048447203012e-23,272
D10_isna,97.40869253413629,5.81290514439124e-23,273
V19_isna,96.93251304935772,7.391129801065723e-23,274
V20_isna,96.93251304935772,7.391129801065723e-23,275
V17_isna,96.93251304935772,7.391129801065723e-23,276
V31_isna,96.93251304935772,7.391129801065723e-23,277
V33_isna,96.93251304935772,7.391129801065723e-23,278
V18_isna,96.93251304935772,7.391129801065723e-23,279
V21_isna,96.93251304935772,7.391129801065723e-23,280
V27_isna,96.93251304935772,7.391129801065723e-23,281
V28_isna,96.93251304935772,7.391129801065723e-23,282
V25_isna,96.93251304935772,7.391129801065723e-23,283
V30_isna,96.93251304935772,7.391129801065723e-23,284
V24_isna,96.93251304935772,7.391129801065723e-23,285
V23_isna,96.93251304935772,7.391129801065723e-23,286
V22_isna,96.93251304935772,7.391129801065723e-23,287
V14_isna,96.93251304935772,7.391129801065723e-23,288
V32_isna,96.93251304935772,7.391129801065723e-23,289
V15_isna,96.93251304935772,7.391129801065723e-23,290
V16_isna,96.93251304935772,7.391129801065723e-23,291
V29_isna,96.93251304935772,7.391129801065723e-23,292
V12_isna,96.93251304935772,7.391129801065723e-23,293
V13_isna,96.93251304935772,7.391129801065723e-23,294
V34_isna,96.93251304935772,7.391129801065723e-23,295
V26_isna,96.93251304935772,7.391129801065723e-23,296
V301,95.89388102202565,1.2481469144321035e-22,297
V66,93.55967312480547,4.0529417069315537e-22,298
V76,89.9329791948065,2.528087414589696e-21,299
V5,89.65587469226654,2.9077181424114453e-21,300
V13,86.15878677869665,1.70037842071838e-20,301
V284,85.8878065481004,1.949814223123285e-20,302
card5,85.85223744445436,1.9851647408426915e-20,303
V19,85.80701039511659,2.03104120496339e-20,304
D15_isna,85.02153161869586,3.0203128042477406e-20,305
V85_isna,84.6569148779867,3.631240508413195e-20,306
V79_isna,84.6569148779867,3.631240508413195e-20,307
V86_isna,84.6569148779867,3.631240508413195e-20,308
V92_isna,84.6569148779867,3.631240508413195e-20,309
V94_isna,84.6569148779867,3.631240508413195e-20,310
V89_isna,84.6569148779867,3.631240508413195e-20,311
V75_isna,84.6569148779867,3.631240508413195e-20,312
V82_isna,84.6569148779867,3.631240508413195e-20,313
V80_isna,84.6569148779867,3.631240508413195e-20,314
V81_isna,84.6569148779867,3.631240508413195e-20,315
V93_isna,84.6569148779867,3.631240508413195e-20,316
V91_isna,84.6569148779867,3.631240508413195e-20,317
V88_isna,84.6569148779867,3.631240508413195e-20,318
V83_isna,84.6569148779867,3.631240508413195e-20,319
V78_isna,84.6569148779867,3.631240508413195e-20,320
V87_isna,84.6569148779867,3.631240508413195e-20,321
V90_isna,84.6569148779867,3.631240508413195e-20,322
V77_isna,84.6569148779867,3.631240508413195e-20,323
V76_isna,84.6569148779867,3.631240508413195e-20,324
V84_isna,84.6569148779867,3.631240508413195e-20,325
V312,76.9988724854092,1.743357311451714e-18,326
C2,73.37450415462169,1.0911063358618462e-17,327
C9,71.44220485421738,2.902157598728151e-17,328
C5,66.13034140912038,4.280485866875526e-16,329
id_14,60.195816075030194,8.688443931868273e-15,330
V53,60.12127329620756,9.023544898758169e-15,331
V120,55.76448024077993,8.25202434688717e-14,332
V300,53.39008049117731,2.760114868658842e-13,333
addr2,51.418006436627586,7.52937289005252e-13,334
V292,50.965102925088466,9.481869481713887e-13,335
V202,50.85739168083233,1.001638301915383e-12,336
V162,50.57859238567768,1.1544176986945892e-12,337
V163,50.26234782205483,1.3561357061040035e-12,338
V161,49.0256886361262,2.546133451497398e-12,339
V326,48.730961688946245,2.958700429219527e-12,340
V327,48.7197633878003,2.975631894938109e-12,341
V325,48.698704855918514,3.007734778534521e-12,342
V328,48.65333719136955,3.078078596094435e-12,343
V330,48.50296847036036,3.3232162499700724e-12,344
V98,48.40281040831075,3.4972463216717594e-12,345
V329,48.32354339616193,3.641419655449882e-12,346
V211,47.5628441832647,5.3662173713048814e-12,347
V322,46.572186294490876,8.893075928793777e-12,348
V324,45.538628853748,1.5067312884001812e-11,349
V140,45.453292925112976,1.5737893440323056e-11,350
V158,45.34247395408295,1.665350403834803e-11,351
V156,45.313235324279596,1.6903845673254266e-11,352
V139,45.30497479404335,1.697525242563039e-11,353
V149,45.30258119662937,1.699599983203864e-11,354
V147,45.28169372562352,1.7178130347629728e-11,355
V157,45.25676110389903,1.7398092342181843e-11,356
V155,45.23266202651234,1.7613379517302645e-11,357
V148,45.22286845852704,1.770162968812753e-11,358
V146,45.207124457571325,1.7844427951670212e-11,359
V154,45.18136299975348,1.8080575705048994e-11,360
V153,45.15094334576419,1.8363454451591538e-11,361
V142,45.050265905027686,1.9331649716493172e-11,362
V138,45.03762766337658,1.9456744608649364e-11,363
V141,45.03369347626495,1.949585080179361e-11,364
V4,44.737092648222806,2.2682370503579108e-11,365
V323,44.1891128836854,3.000410489319115e-11,366
V144,44.072592523966534,3.184332269785364e-11,367
V151,43.44565479917331,4.3859427176893456e-11,368
V152,42.70159721126878,6.414138517266261e-11,369
V334,42.50782098868237,7.081729322977463e-11,370
V143,42.29214695491521,7.906871257476576e-11,371
C8,42.130255611384385,8.588895303366892e-11,372
V336,41.99742580341472,9.192250286490406e-11,373
C12,41.98824968281995,9.235464862003582e-11,374
C1,41.80295463906547,1.0152961344765125e-10,375
id_32,40.727953509007605,1.7591964302869544e-10,376
C4,40.074689051346084,2.457260657313666e-10,377
V291,39.80864248667475,2.8156237871516927e-10,378
V54,38.972431255875996,4.3198135056174617e-10,379
V145,38.48036832651029,5.557689376967714e-10,380
V122,38.146886644314925,6.592886437188712e-10,381
V335,36.88169522915857,1.2608214767133043e-09,382
V337,35.115639632355965,3.119623342372992e-09,383
V131,34.349681382763265,4.622743381379917e-09,384
V287,32.95772827040257,9.45239940320791e-09,385
C11,31.459251692772973,2.0434024174575562e-08,386
C10,29.63229891784167,5.2380431032212966e-08,387
V213,29.459787483358145,5.725440933568515e-08,388
C7,28.897697368737887,7.651653690105331e-08,389
V204,26.97079898402945,2.0705684522970556e-07,390
id_24,26.00758189089753,3.408532064667519e-07,391
V160,25.601215810692494,4.2070162483925297e-07,392
id_26,24.459493609680273,7.604207464557477e-07,393
id_21,24.275270336019034,8.367068410139592e-07,394
id_22,23.124541661720258,1.5211580749541018e-06,395
id_25,22.885175808316383,1.722789507218398e-06,396
id_07,22.53106916120634,2.071290613226219e-06,397
id_08,21.782729296052814,3.0583025758259216e-06,398
V339,21.291805805008362,3.950246102108392e-06,399
C13,20.31103345061148,6.591304737088078e-06,400
V121,18.675648061569696,1.5513554655179267e-05,401
TransactionDT,16.874953969913026,3.9964614032711415e-05,402
V159,16.31759597349153,5.361419731513999e-05,403
C6,15.801734174387093,7.039971773545866e-05,404
V26,15.153968318876018,9.917014971186338e-05,405
D5_isna,14.756197689295465,0.00012243902942468004,406
V212,14.125047997782225,0.00017117231062427652,407
V100,13.936379130951813,0.00018923380883527287,408
V309,12.917633666414334,0.0003256965347144948,409
V203,12.860441001631765,0.00033580133471231965,410
V165,11.611371131483995,0.0006558207195408526,411
V338,11.050337486561554,0.0008871086648902436,412
V9,10.629379282046052,0.0011135157648817675,413
V99,10.178108282637854,0.0014217273010692607,414
dist1,10.000540948312521,0.0015655268640569439,415
card1,9.9100635242346,0.0016443780738465887,416
V3,8.958695234832149,0.0027623634361975636,417
V166,7.073050225921622,0.00782675140667066,418
D4_isna,6.766164955101803,0.00929193566990646,419
V39_isna,6.702955444807025,0.009627065630844612,420
V40_isna,6.702955444807025,0.009627065630844612,421
V43_isna,6.702955444807025,0.009627065630844612,422
V44_isna,6.702955444807025,0.009627065630844612,423
V46_isna,6.702955444807025,0.009627065630844612,424
V47_isna,6.702955444807025,0.009627065630844612,425
V51_isna,6.702955444807025,0.009627065630844612,426
V52_isna,6.702955444807025,0.009627065630844612,427
V49_isna,6.702955444807025,0.009627065630844612,428
V48_isna,6.702955444807025,0.009627065630844612,429
V50_isna,6.702955444807025,0.009627065630844612,430
V42_isna,6.702955444807025,0.009627065630844612,431
V41_isna,6.702955444807025,0.009627065630844612,432
V36_isna,6.702955444807025,0.009627065630844612,433
V35_isna,6.702955444807025,0.009627065630844612,434
V38_isna,6.702955444807025,0.009627065630844612,435
V37_isna,6.702955444807025,0.009627065630844612,436
V45_isna,6.702955444807025,0.009627065630844612,437
TransactionAmt,5.572338731289128,0.018248759288249244,438
V285,5.066568485542468,0.024394326455211314,439
V307,4.180023389589873,0.040906402451147475,440
V129,3.99773746041627,0.045564761330499054,441
V317,3.7577329877908627,0.05256731258966481,442
V294,3.687913116580853,0.054811701830102096,443
C3,3.665331978935558,0.0555591378107209,444
V310,2.9214362345430964,0.08741390925819453,445
V320,2.331976692334344,0.12674479902116095,446
V96,2.2673755902923363,0.13212742138284697,447
card2,2.255838915323564,0.1331152492815837,448
V103,1.8970127511786927,0.16841692217975296,449
V332,1.8892760769033516,0.16928744582305869,450
V102,1.7764528184485173,0.18258929976004887,451
V28,1.706198697138058,0.1914830694215343,452
V27,1.6794840434826184,0.1949967640037246,453
V89,1.6553559268482183,0.19823524880889143,454
V150,1.6390863328488088,0.20045458520264398,455
V41,1.6324310726289946,0.20137083417866,456
V101,1.5835749452650247,0.2082501746785645,457
V132,1.512757554879856,0.21872240665647708,458
card2_isna,1.453612341421912,0.22795277111492399,459
V6,1.4289243186541256,0.2319436139794,460
V68,1.4180395592309374,0.23372988501321504,461
V97,1.3915240773970579,0.23815139597930274,462
V333,1.3898636112962157,0.23843164010921017,463
V14,1.342081934668456,0.2466706066287375,464
addr1,1.3223652985413215,0.25017143199670494,465
V105,1.3104085457635621,0.25232412410589217,466
V296,1.3010321366929014,0.2540281927192551,467
V164,1.29776224359577,0.2546257915735985,468
V293,1.2830919600591717,0.2573283232177603,469
V286,1.197196195939206,0.2738860838269024,470
V95,1.1948230677997815,0.2743621323078228,471
V308,1.1724271383622178,0.2789063532718523,472
V126,1.1191316984117756,0.2901086929188822,473
V104,1.0181193367461978,0.3129685753397382,474
V134,0.9765403608007212,0.32305741927417675,475
V133,0.9734483367666115,0.3238246607994193,476
card5_isna,0.8945081170128563,0.34426142432064266,477
V25,0.877850065158135,0.3487940344917223,478
V279,0.8574567884969366,0.35445416456485823,479
V127,0.8310838329157301,0.36196206155574584,480
V107,0.7978395913832048,0.37174276903829595,481
V2,0.7503661886181595,0.38636291594268635,482
V65,0.725289899892733,0.39441673814099576,483
V316,0.720600219183059,0.3959496370144543,484
V321,0.5779340257535658,0.44712549854313066,485
V331,0.523163597369364,0.46949740718961686,486
V297,0.4105181223847859,0.5217084792595443,487
card3_isna,0.34698287239899395,0.5558277052553191,488
V106,0.31775362948262087,0.5729623490387501,489
V306,0.3131389060116552,0.5757619510517551,490
V128,0.3088592529543534,0.578382592471897,491
V318,0.22284606865125423,0.6368811487912609,492
V298,0.2198034671922419,0.6391909848477046,493
V1,0.18128728575411035,0.6702704390283412,494
V319,0.13449379767092032,0.7138184421361913,495
V136,0.1109062743403538,0.739115577816909,496
V7,0.08564227011851161,0.7697927392635302,497
V8,0.07325327381064295,0.7866583035939072,498
V295,0.05696532464301972,0.8113589151595342,499
C14,0.046998171297654844,0.8283720780157525,500
V299,0.03424574370557652,0.8531855378986402,501
V135,0.012681098996860998,0.91033973326299,502
V130,0.011965434236751045,0.912896114291035,503
V311,0.010541903059439833,0.9182221494154127,504
V88,0.0030869454678436738,0.9556922409254686,505
V280,0.0009371744279858641,0.9755780079303712,506
V137,0.0008108406096897401,0.9772831683692909,507
V305,0.0,1.0,508
