{
  "id" : "33z5jc8fa6tob21ptrugzqog08",
  "available" : "2025-04-10",
  "date" : {
    "@type" : "http://www.w3.org/2001/XMLSchema#dateTime",
    "@value" : "2025-04-29T12:30:49.889Z"
  },
  "dateSubmitted" : {
    "@type" : "http://www.w3.org/2001/XMLSchema#dateTime",
    "@value" : "2025-03-07T14:04:39.199Z"
  },
  "description" : "The BrisT1D Dataset features the data collected in a longitudinal study in which 24 young adults with Type 1 Diabetes (T1D) in the UK were given smartwatches to use alongside their T1D self-management. During the six-month study, participants donated the data collected by their T1D devices and smartwatches and were involved in monthly interviews or focus groups. The anonymised transcripts of these study sessions are included along with the device data, in both an anonymised raw state and a processed state.\r\n\r\nThis is the Open-Access part of the BrisT1D Dataset. It includes the processed state device data, study forms, transcripts, and demographic data. The raw state device data can be found in the BrisT1D-Restricted Dataset (https://doi.org/10.5523/bris.yonrplcb4bvi2vhhn2ehtmpey), available through data.bris (University of Bristol Data Repository) under Restricted Access.",
  "extent" : {
    "@type" : "http://www.w3.org/2001/XMLSchema#integer",
    "@value" : "157604887"
  },
  "hasFormat" : {
    "id" : "33z5jc8fa6tob21ptrugzqog08/33z5jc8fa6tob21ptrugzqog08.zip",
    "format" : "application/zip"
  },
  "hasPart" : [ {
    "id" : "33z5jc8fa6tob21ptrugzqog08/README.txt",
    "extent" : {
      "@type" : "http://www.w3.org/2001/XMLSchema#integer",
      "@value" : "5496"
    },
    "format" : "text/plain; charset=UTF-8",
    "label" : "README.txt",
    "sha1" : "97ac71aa171267f9ac167c8198e43b0c6db99b56"
  }, {
    "id" : "33z5jc8fa6tob21ptrugzqog08/LICENCE.txt",
    "extent" : {
      "@type" : "http://www.w3.org/2001/XMLSchema#integer",
      "@value" : "19051"
    },
    "format" : "text/plain; charset=windows-1252",
    "label" : "LICENCE.txt",
    "sha1" : "6afef7e63bd257753bcae1b1ffe6cf399b486939"
  }, {
    "id" : "33z5jc8fa6tob21ptrugzqog08/study_forms",
    "hasPart" : [ {
      "id" : "33z5jc8fa6tob21ptrugzqog08/study_forms/consent_form.pdf",
      "extent" : {
        "@type" : "http://www.w3.org/2001/XMLSchema#integer",
        "@value" : "123702"
      },
      "format" : "application/pdf",
      "http://purl.org/dc/terms/modified" : "2023-03-20T18:14:09Z",
      "title" : "Factors influencing choice and consumption of caffeine-containing drinks: From genetic individuality to attitudes",
      "label" : "consent_form.pdf",
      "sha1" : "52cbec34a7f37ba157c2be38d038d81f3d502b45"
    }, {
      "id" : "33z5jc8fa6tob21ptrugzqog08/study_forms/participant_information_sheet.pdf",
      "extent" : {
        "@type" : "http://www.w3.org/2001/XMLSchema#integer",
        "@value" : "125502"
      },
      "format" : "application/pdf",
      "http://purl.org/dc/terms/modified" : "2023-03-20T18:08:48Z",
      "label" : "participant_information_sheet.pdf",
      "sha1" : "7d48f42ee3c781ba08c21abe0784c0e957fd2bcb"
    } ],
    "http://www.w3.org/1999/02/22-rdf-syntax-ns#type" : {
      "id" : "http://purl.org/dc/dcmitype/Collection"
    },
    "label" : "study_forms"
  }, {
    "id" : "33z5jc8fa6tob21ptrugzqog08/transcripts",
    "hasPart" : [ {
      "id" : "33z5jc8fa6tob21ptrugzqog08/transcripts/3_september_focus_groups",
      "hasPart" : [ {
        "id" : "33z5jc8fa6tob21ptrugzqog08/transcripts/3_september_focus_groups/3_FG_FG1.pdf",
        "extent" : {
          "@type" : "http://www.w3.org/2001/XMLSchema#integer",
          "@value" : "113203"
        },
        "format" : "application/pdf",
        "http://purl.org/dc/terms/modified" : "2024-12-13T15:51:14Z",
        "label" : "3_FG_FG1.pdf",
        "sha1" : "0a57db22747c1b7b77a89598fe1efb48b3392eb0"
      }, {
        "id" : "33z5jc8fa6tob21ptrugzqog08/transcripts/3_september_focus_groups/3_FG_FG2.pdf",
        "extent" : {
          "@type" : "http://www.w3.org/2001/XMLSchema#integer",
          "@value" : "126139"
        },
        "format" : "application/pdf",
        "http://purl.org/dc/terms/modified" : "2024-12-13T15:51:16Z",
        "label" : "3_FG_FG2.pdf",
        "sha1" : "fd8914e6833fee82e43881588fe3cdd50dccfdaa"
      }, {
        "id" : "33z5jc8fa6tob21ptrugzqog08/transcripts/3_september_focus_groups/3_FG_FG3.pdf",
        "extent" : {
          "@type" : "http://www.w3.org/2001/XMLSchema#integer",
          "@value" : "101400"
        },
        "format" : "application/pdf",
        "http://purl.org/dc/terms/modified" : "2024-12-13T15:51:18Z",
        "label" : "3_FG_FG3.pdf",
        "sha1" : "739a7b44ab32e665825e63020cbcda9ed6c90693"
      } ],
      "http://www.w3.org/1999/02/22-rdf-syntax-ns#type" : {
        "id" : "http://purl.org/dc/dcmitype/Collection"
      },
      "label" : "3_september_focus_groups"
    }, {
      "id" : "33z5jc8fa6tob21ptrugzqog08/transcripts/6_december_interviews",
      "hasPart" : [ {
        "id" : "33z5jc8fa6tob21ptrugzqog08/transcripts/6_december_interviews/6_Int_P16.pdf",
        "extent" : {
          "@type" : "http://www.w3.org/2001/XMLSchema#integer",
          "@value" : "111002"
        },
        "format" : "application/pdf",
        "http://purl.org/dc/terms/modified" : "2024-12-13T15:55:21Z",
        "label" : "6_Int_P16.pdf",
        "sha1" : "e65f3dd664a42f5d57111b5de3715e4c80aeb120"
      }, {
        "id" : "33z5jc8fa6tob21ptrugzqog08/transcripts/6_december_interviews/6_Int_P18.pdf",
        "extent" : {
          "@type" : "http://www.w3.org/2001/XMLSchema#integer",
          "@value" : "125634"
        },
        "format" : "application/pdf",
        "http://purl.org/dc/terms/modified" : "2024-12-13T15:55:28Z",
        "label" : "6_Int_P18.pdf",
        "sha1" : "67cd9ff624d91465294e680156d4d3194f404c0d"
      }, {
        "id" : "33z5jc8fa6tob21ptrugzqog08/transcripts/6_december_interviews/6_Int_P02.pdf",
        "extent" : {
          "@type" : "http://www.w3.org/2001/XMLSchema#integer",
          "@value" : "128672"
        },
        "format" : "application/pdf",
        "http://purl.org/dc/terms/modified" : "2024-12-13T15:54:51Z",
        "label" : "6_Int_P02.pdf",
        "sha1" : "9ef66b6dcb2f26e1bcdcc73b0262c2bb8f06bfa8"
      }, {
        "id" : "33z5jc8fa6tob21ptrugzqog08/transcripts/6_december_interviews/6_Int_P19.pdf",
        "extent" : {
          "@type" : "http://www.w3.org/2001/XMLSchema#integer",
          "@value" : "140596"
        },
        "format" : "application/pdf",
        "http://purl.org/dc/terms/modified" : "2024-12-13T15:55:31Z",
        "label" : "6_Int_P19.pdf",
        "sha1" : "31cdcac02c82896bc2a4a37bfa9a204afea30d42"
      }, {
        "id" : "33z5jc8fa6tob21ptrugzqog08/transcripts/6_december_interviews/6_Int_P01.pdf",
        "extent" : {
          "@type" : "http://www.w3.org/2001/XMLSchema#integer",
          "@value" : "126188"
        },
        "format" : "application/pdf",
        "http://purl.org/dc/terms/modified" : "2024-12-13T15:54:48Z",
        "label" : "6_Int_P01.pdf",
        "sha1" : "4478bb62574742c93941649827f38d0f4d2a4064"
      }, {
        "id" : "33z5jc8fa6tob21ptrugzqog08/transcripts/6_december_interviews/6_Int_P21.pdf",
        "extent" : {
          "@type" : "http://www.w3.org/2001/XMLSchema#integer",
          "@value" : "133284"
        },
        "format" : "application/pdf",
        "http://purl.org/dc/terms/modified" : "2024-12-13T15:55:35Z",
        "label" : "6_Int_P21.pdf",
        "sha1" : "617a87c8d39b5f05dc1d0b4fb3a97d99fcf94fd5"
      }, {
        "id" : "33z5jc8fa6tob21ptrugzqog08/transcripts/6_december_interviews/6_Int_P10.pdf",
        "extent" : {
          "@type" : "http://www.w3.org/2001/XMLSchema#integer",
          "@value" : "156236"
        },
        "format" : "application/pdf",
        "http://purl.org/dc/terms/modified" : "2024-12-13T15:55:11Z",
        "label" : "6_Int_P10.pdf",
        "sha1" : "78666678da5e34da631749aae43b24d64bfc49d3"
      }, {
        "id" : "33z5jc8fa6tob21ptrugzqog08/transcripts/6_december_interviews/6_Int_P17.pdf",
        "extent" : {
          "@type" : "http://www.w3.org/2001/XMLSchema#integer",
          "@value" : "160631"
        },
        "format" : "application/pdf",
        "http://purl.org/dc/terms/modified" : "2024-12-13T15:55:25Z",
        "label" : "6_Int_P17.pdf",
        "sha1" : "696dbfa5fa912e317ce20e4063a2f9a9b330801e"
      }, {
        "id" : "33z5jc8fa6tob21ptrugzqog08/transcripts/6_december_interviews/6_Int_P12.pdf",
        "extent" : {
          "@type" : "http://www.w3.org/2001/XMLSchema#integer",
          "@value" : "115452"
        },
        "format" : "application/pdf",
        "http://purl.org/dc/terms/modified" : "2024-12-13T15:55:18Z",
        "label" : "6_Int_P12.pdf",
        "sha1" : "4296ac1197498c1bf3ff9757d7d3afffe1a74012"
      }, {
        "id" : "33z5jc8fa6tob21ptrugzqog08/transcripts/6_december_interviews/6_Int_P06.pdf",
        "extent" : {
          "@type" : "http://www.w3.org/2001/XMLSchema#integer",
          "@value" : "143338"
        },
        "format" : "application/pdf",
        "http://purl.org/dc/terms/modified" : "2024-12-13T15:55:05Z",
        "label" : "6_Int_P06.pdf",
        "sha1" : "a1a21f6147b6d128775f73367da6449603842e96"
      }, {
        "id" : "33z5jc8fa6tob21ptrugzqog08/transcripts/6_december_interviews/6_Int_P03.pdf",
        "extent" : {
          "@type" : "http://www.w3.org/2001/XMLSchema#integer",
          "@value" : "125678"
        },
        "format" : "application/pdf",
        "http://purl.org/dc/terms/modified" : "2024-12-13T15:54:54Z",
        "label" : "6_Int_P03.pdf",
        "sha1" : "a8a90787fdee8cca2e10a7e3f3d884a2dbc4df38"
      }, {
        "id" : "33z5jc8fa6tob21ptrugzqog08/transcripts/6_december_interviews/6_Int_P22.pdf",
        "extent" : {
          "@type" : "http://www.w3.org/2001/XMLSchema#integer",
          "@value" : "137161"
        },
        "format" : "application/pdf",
        "http://purl.org/dc/terms/modified" : "2024-12-13T15:55:41Z",
        "label" : "6_Int_P22.pdf",
        "sha1" : "e55f4d26a02589ec019cbcb4ed495dd3fea14e52"
      }, {
        "id" : "33z5jc8fa6tob21ptrugzqog08/transcripts/6_december_interviews/6_Int_P07.pdf",
        "extent" : {
          "@type" : "http://www.w3.org/2001/XMLSchema#integer",
          "@value" : "112384"
        },
        "format" : "application/pdf",
        "http://purl.org/dc/terms/modified" : "2024-12-13T15:55:07Z",
        "label" : "6_Int_P07.pdf",
        "sha1" : "52cec97e298809175e6e154e55f34796a158e899"
      }, {
        "id" : "33z5jc8fa6tob21ptrugzqog08/transcripts/6_december_interviews/6_Int_P04.pdf",
        "extent" : {
          "@type" : "http://www.w3.org/2001/XMLSchema#integer",
          "@value" : "139160"
        },
        "format" : "application/pdf",
        "http://purl.org/dc/terms/modified" : "2024-12-13T15:54:58Z",
        "label" : "6_Int_P04.pdf",
        "sha1" : "ecb124777f21fa9cbb83b1046cfe6a8792d503cc"
      }, {
        "id" : "33z5jc8fa6tob21ptrugzqog08/transcripts/6_december_interviews/6_Int_P11.pdf",
        "extent" : {
          "@type" : "http://www.w3.org/2001/XMLSchema#integer",
          "@value" : "163907"
        },
        "format" : "application/pdf",
        "http://purl.org/dc/terms/modified" : "2024-12-13T15:55:16Z",
        "label" : "6_Int_P11.pdf",
        "sha1" : "68ecdb1000a089e6c8b2c755dd62d8d044c3cec3"
      }, {
        "id" : "33z5jc8fa6tob21ptrugzqog08/transcripts/6_december_interviews/6_Int_P24.pdf",
        "extent" : {
          "@type" : "http://www.w3.org/2001/XMLSchema#integer",
          "@value" : "118876"
        },
        "format" : "application/pdf",
        "http://purl.org/dc/terms/modified" : "2024-12-13T15:55:43Z",
        "label" : "6_Int_P24.pdf",
        "sha1" : "6605471829c2412ab685f19597d53a94d15c8a68"
      }, {
        "id" : "33z5jc8fa6tob21ptrugzqog08/transcripts/6_december_interviews/6_Int_P05.pdf",
        "extent" : {
          "@type" : "http://www.w3.org/2001/XMLSchema#integer",
          "@value" : "135808"
        },
        "format" : "application/pdf",
        "http://purl.org/dc/terms/modified" : "2024-12-13T15:55:01Z",
        "label" : "6_Int_P05.pdf",
        "sha1" : "4609a304915152b13776f03d31bd96be0ecee042"
      } ],
      "http://www.w3.org/1999/02/22-rdf-syntax-ns#type" : {
        "id" : "http://purl.org/dc/dcmitype/Collection"
      },
      "label" : "6_december_interviews"
    }, {
      "id" : "33z5jc8fa6tob21ptrugzqog08/transcripts/0_introductory_interviews",
      "hasPart" : [ {
        "id" : "33z5jc8fa6tob21ptrugzqog08/transcripts/0_introductory_interviews/0_Int_P04.pdf",
        "extent" : {
          "@type" : "http://www.w3.org/2001/XMLSchema#integer",
          "@value" : "149929"
        },
        "format" : "application/pdf",
        "http://purl.org/dc/terms/modified" : "2024-12-13T15:39:29Z",
        "label" : "0_Int_P04.pdf",
        "sha1" : "4f4e7aa5f911ef2e847c58475558caf0c36634f7"
      }, {
        "id" : "33z5jc8fa6tob21ptrugzqog08/transcripts/0_introductory_interviews/0_Int_P21.pdf",
        "extent" : {
          "@type" : "http://www.w3.org/2001/XMLSchema#integer",
          "@value" : "142613"
        },
        "format" : "application/pdf",
        "http://purl.org/dc/terms/modified" : "2024-12-13T15:40:47Z",
        "label" : "0_Int_P21.pdf",
        "sha1" : "d67d94505231e3521e326ca7be17b153db33ce46"
      }, {
        "id" : "33z5jc8fa6tob21ptrugzqog08/transcripts/0_introductory_interviews/0_Int_P23.pdf",
        "extent" : {
          "@type" : "http://www.w3.org/2001/XMLSchema#integer",
          "@value" : "157077"
        },
        "format" : "application/pdf",
        "http://purl.org/dc/terms/modified" : "2024-12-13T15:40:56Z",
        "label" : "0_Int_P23.pdf",
        "sha1" : "55a524eb21eb6c5b8404de894eb17f3f59aeb158"
      }, {
        "id" : "33z5jc8fa6tob21ptrugzqog08/transcripts/0_introductory_interviews/0_Int_P16.pdf",
        "extent" : {
          "@type" : "http://www.w3.org/2001/XMLSchema#integer",
          "@value" : "132844"
        },
        "format" : "application/pdf",
        "http://purl.org/dc/terms/modified" : "2024-12-13T15:40:24Z",
        "label" : "0_Int_P16.pdf",
        "sha1" : "42d0e656597e29efc7baa786d6fe2dd9b0c86073"
      }, {
        "id" : "33z5jc8fa6tob21ptrugzqog08/transcripts/0_introductory_interviews/0_Int_P19.pdf",
        "extent" : {
          "@type" : "http://www.w3.org/2001/XMLSchema#integer",
          "@value" : "147920"
        },
        "format" : "application/pdf",
        "http://purl.org/dc/terms/modified" : "2024-12-13T15:40:38Z",
        "label" : "0_Int_P19.pdf",
        "sha1" : "b8067a028d1bd4590073f974ee65f59b3b265ea4"
      }, {
        "id" : "33z5jc8fa6tob21ptrugzqog08/transcripts/0_introductory_interviews/0_Int_P02.pdf",
        "extent" : {
          "@type" : "http://www.w3.org/2001/XMLSchema#integer",
          "@value" : "156592"
        },
        "format" : "application/pdf",
        "http://purl.org/dc/terms/modified" : "2024-12-13T15:39:21Z",
        "label" : "0_Int_P02.pdf",
        "sha1" : "653a5e2c6f4646bdf9d501bb02c52c553c90a0d1"
      }, {
        "id" : "33z5jc8fa6tob21ptrugzqog08/transcripts/0_introductory_interviews/0_Int_P11.pdf",
        "extent" : {
          "@type" : "http://www.w3.org/2001/XMLSchema#integer",
          "@value" : "173725"
        },
        "format" : "application/pdf",
        "http://purl.org/dc/terms/modified" : "2024-12-13T15:40:03Z",
        "label" : "0_Int_P11.pdf",
        "sha1" : "4386981869e944aad81d8efe9733ab3000806138"
      }, {
        "id" : "33z5jc8fa6tob21ptrugzqog08/transcripts/0_introductory_interviews/0_Int_P24.pdf",
        "extent" : {
          "@type" : "http://www.w3.org/2001/XMLSchema#integer",
          "@value" : "136683"
        },
        "format" : "application/pdf",
        "http://purl.org/dc/terms/modified" : "2024-12-13T15:41:01Z",
        "label" : "0_Int_P24.pdf",
        "sha1" : "67f40e8875e4feb50345bcacdf712fec6f88e8db"
      }, {
        "id" : "33z5jc8fa6tob21ptrugzqog08/transcripts/0_introductory_interviews/0_Int_P17.pdf",
        "extent" : {
          "@type" : "http://www.w3.org/2001/XMLSchema#integer",
          "@value" : "141808"
        },
        "format" : "application/pdf",
        "http://purl.org/dc/terms/modified" : "2024-12-13T15:40:28Z",
        "label" : "0_Int_P17.pdf",
        "sha1" : "14cd9152d17558af26526d5a8fa35e0b2bcbae19"
      }, {
        "id" : "33z5jc8fa6tob21ptrugzqog08/transcripts/0_introductory_interviews/0_Int_P20.pdf",
        "extent" : {
          "@type" : "http://www.w3.org/2001/XMLSchema#integer",
          "@value" : "139812"
        },
        "format" : "application/pdf",
        "http://purl.org/dc/terms/modified" : "2024-12-13T15:40:43Z",
        "label" : "0_Int_P20.pdf",
        "sha1" : "fd34e798a3660ed7d169f47d1f223045e3548632"
      }, {
        "id" : "33z5jc8fa6tob21ptrugzqog08/transcripts/0_introductory_interviews/0_Int_P08.pdf",
        "extent" : {
          "@type" : "http://www.w3.org/2001/XMLSchema#integer",
          "@value" : "136560"
        },
        "format" : "application/pdf",
        "http://purl.org/dc/terms/modified" : "2024-12-13T15:39:48Z",
        "label" : "0_Int_P08.pdf",
        "sha1" : "23b3a99b39c8027c5bcd8907dd2a7e0296786493"
      }, {
        "id" : "33z5jc8fa6tob21ptrugzqog08/transcripts/0_introductory_interviews/0_Int_P12.pdf",
        "extent" : {
          "@type" : "http://www.w3.org/2001/XMLSchema#integer",
          "@value" : "137392"
        },
        "format" : "application/pdf",
        "http://purl.org/dc/terms/modified" : "2024-12-13T15:40:08Z",
        "label" : "0_Int_P12.pdf",
        "sha1" : "62a273b458cda07e951feeaf31baaa48ebb7544c"
      }, {
        "id" : "33z5jc8fa6tob21ptrugzqog08/transcripts/0_introductory_interviews/0_Int_P07.pdf",
        "extent" : {
          "@type" : "http://www.w3.org/2001/XMLSchema#integer",
          "@value" : "137565"
        },
        "format" : "application/pdf",
        "http://purl.org/dc/terms/modified" : "2024-12-13T15:39:44Z",
        "label" : "0_Int_P07.pdf",
        "sha1" : "25a24fbc9aef4d9395ab09baaae00990b670207d"
      }, {
        "id" : "33z5jc8fa6tob21ptrugzqog08/transcripts/0_introductory_interviews/0_Int_P22.pdf",
        "extent" : {
          "@type" : "http://www.w3.org/2001/XMLSchema#integer",
          "@value" : "131354"
        },
        "format" : "application/pdf",
        "http://purl.org/dc/terms/modified" : "2024-12-13T15:40:52Z",
        "label" : "0_Int_P22.pdf",
        "sha1" : "f03660e46c365bc5955d2fca77d2df1992c7d00d"
      }, {
        "id" : "33z5jc8fa6tob21ptrugzqog08/transcripts/0_introductory_interviews/0_Int_P09.pdf",
        "extent" : {
          "@type" : "http://www.w3.org/2001/XMLSchema#integer",
          "@value" : "120577"
        },
        "format" : "application/pdf",
        "http://purl.org/dc/terms/modified" : "2024-12-13T15:39:52Z",
        "label" : "0_Int_P09.pdf",
        "sha1" : "214b5819537ebea38a68f9be286b0a8a8ce66e77"
      }, {
        "id" : "33z5jc8fa6tob21ptrugzqog08/transcripts/0_introductory_interviews/0_Int_P01.pdf",
        "extent" : {
          "@type" : "http://www.w3.org/2001/XMLSchema#integer",
          "@value" : "136435"
        },
        "format" : "application/pdf",
        "http://purl.org/dc/terms/modified" : "2024-12-13T15:39:18Z",
        "label" : "0_Int_P01.pdf",
        "sha1" : "886a695f55287bb6a0334ca02060975a6df868e3"
      }, {
        "id" : "33z5jc8fa6tob21ptrugzqog08/transcripts/0_introductory_interviews/0_Int_P14.pdf",
        "extent" : {
          "@type" : "http://www.w3.org/2001/XMLSchema#integer",
          "@value" : "138418"
        },
        "format" : "application/pdf",
        "http://purl.org/dc/terms/modified" : "2024-12-13T15:40:15Z",
        "label" : "0_Int_P14.pdf",
        "sha1" : "8a82fcc0475a3d8890866d49f4e3aebda35b896e"
      }, {
        "id" : "33z5jc8fa6tob21ptrugzqog08/transcripts/0_introductory_interviews/0_Int_P06.pdf",
        "extent" : {
          "@type" : "http://www.w3.org/2001/XMLSchema#integer",
          "@value" : "159624"
        },
        "format" : "application/pdf",
        "http://purl.org/dc/terms/modified" : "2024-12-13T15:39:41Z",
        "label" : "0_Int_P06.pdf",
        "sha1" : "7e31cbb7d3759053943312e1306efd4d17fb77bd"
      }, {
        "id" : "33z5jc8fa6tob21ptrugzqog08/transcripts/0_introductory_interviews/0_Int_P05.pdf",
        "extent" : {
          "@type" : "http://www.w3.org/2001/XMLSchema#integer",
          "@value" : "140752"
        },
        "format" : "application/pdf",
        "http://purl.org/dc/terms/modified" : "2024-12-13T15:39:34Z",
        "label" : "0_Int_P05.pdf",
        "sha1" : "fa890a3fc2f76c8d6cd5bf2465f3d8bf59d470aa"
      }, {
        "id" : "33z5jc8fa6tob21ptrugzqog08/transcripts/0_introductory_interviews/0_Int_P13.pdf",
        "extent" : {
          "@type" : "http://www.w3.org/2001/XMLSchema#integer",
          "@value" : "143288"
        },
        "format" : "application/pdf",
        "http://purl.org/dc/terms/modified" : "2024-12-13T15:40:12Z",
        "label" : "0_Int_P13.pdf",
        "sha1" : "dc9199564afb161ea59834de2fa43a7d2141fd68"
      }, {
        "id" : "33z5jc8fa6tob21ptrugzqog08/transcripts/0_introductory_interviews/0_Int_P10.pdf",
        "extent" : {
          "@type" : "http://www.w3.org/2001/XMLSchema#integer",
          "@value" : "150809"
        },
        "format" : "application/pdf",
        "http://purl.org/dc/terms/modified" : "2024-12-13T15:39:57Z",
        "label" : "0_Int_P10.pdf",
        "sha1" : "f97beb3ae72540b14ad8fcdb8e83fb85f65b7b8d"
      }, {
        "id" : "33z5jc8fa6tob21ptrugzqog08/transcripts/0_introductory_interviews/0_Int_P18.pdf",
        "extent" : {
          "@type" : "http://www.w3.org/2001/XMLSchema#integer",
          "@value" : "158512"
        },
        "format" : "application/pdf",
        "http://purl.org/dc/terms/modified" : "2024-12-13T15:40:33Z",
        "label" : "0_Int_P18.pdf",
        "sha1" : "544096ed71be8d49225d6584889b6575ffca4774"
      }, {
        "id" : "33z5jc8fa6tob21ptrugzqog08/transcripts/0_introductory_interviews/0_Int_P03.pdf",
        "extent" : {
          "@type" : "http://www.w3.org/2001/XMLSchema#integer",
          "@value" : "139558"
        },
        "format" : "application/pdf",
        "http://purl.org/dc/terms/modified" : "2024-12-13T15:39:25Z",
        "label" : "0_Int_P03.pdf",
        "sha1" : "912c67b1b676ec6eee56a0aa310f74562cf36177"
      }, {
        "id" : "33z5jc8fa6tob21ptrugzqog08/transcripts/0_introductory_interviews/0_Int_P15.pdf",
        "extent" : {
          "@type" : "http://www.w3.org/2001/XMLSchema#integer",
          "@value" : "149595"
        },
        "format" : "application/pdf",
        "http://purl.org/dc/terms/modified" : "2024-12-13T15:40:20Z",
        "label" : "0_Int_P15.pdf",
        "sha1" : "228f205352de1efc92d8fa9743edf9e5187f82d1"
      } ],
      "http://www.w3.org/1999/02/22-rdf-syntax-ns#type" : {
        "id" : "http://purl.org/dc/dcmitype/Collection"
      },
      "label" : "0_introductory_interviews"
    }, {
      "id" : "33z5jc8fa6tob21ptrugzqog08/transcripts/5_november_focus_groups",
      "hasPart" : [ {
        "id" : "33z5jc8fa6tob21ptrugzqog08/transcripts/5_november_focus_groups/5_FG_FG1.pdf",
        "extent" : {
          "@type" : "http://www.w3.org/2001/XMLSchema#integer",
          "@value" : "186860"
        },
        "format" : "application/pdf",
        "http://purl.org/dc/terms/modified" : "2024-12-13T15:54:13Z",
        "label" : "5_FG_FG1.pdf",
        "sha1" : "808705d388a6dac2825c677193c8d8a4241801e5"
      }, {
        "id" : "33z5jc8fa6tob21ptrugzqog08/transcripts/5_november_focus_groups/5_FG_FG2.pdf",
        "extent" : {
          "@type" : "http://www.w3.org/2001/XMLSchema#integer",
          "@value" : "211375"
        },
        "format" : "application/pdf",
        "http://purl.org/dc/terms/modified" : "2024-12-13T15:54:18Z",
        "label" : "5_FG_FG2.pdf",
        "sha1" : "3f72a5fec2d5a899a0ec3d30032cbefa434fe8ce"
      } ],
      "http://www.w3.org/1999/02/22-rdf-syntax-ns#type" : {
        "id" : "http://purl.org/dc/dcmitype/Collection"
      },
      "label" : "5_november_focus_groups"
    }, {
      "id" : "33z5jc8fa6tob21ptrugzqog08/transcripts/2_august_focus_groups",
      "hasPart" : [ {
        "id" : "33z5jc8fa6tob21ptrugzqog08/transcripts/2_august_focus_groups/2_FG_FG3.pdf",
        "extent" : {
          "@type" : "http://www.w3.org/2001/XMLSchema#integer",
          "@value" : "301848"
        },
        "format" : "application/pdf",
        "http://purl.org/dc/terms/modified" : "2024-12-13T15:51:02Z",
        "label" : "2_FG_FG3.pdf",
        "sha1" : "f13fce3712d3fd2705c4422d764a5956d0707a43"
      }, {
        "id" : "33z5jc8fa6tob21ptrugzqog08/transcripts/2_august_focus_groups/2_FG_FG1.pdf",
        "extent" : {
          "@type" : "http://www.w3.org/2001/XMLSchema#integer",
          "@value" : "261177"
        },
        "format" : "application/pdf",
        "http://purl.org/dc/terms/modified" : "2024-12-13T15:50:49Z",
        "label" : "2_FG_FG1.pdf",
        "sha1" : "270ff6952c08708c8f1bbabaff06ef8a6fc394e7"
      }, {
        "id" : "33z5jc8fa6tob21ptrugzqog08/transcripts/2_august_focus_groups/2_FG_FG2.pdf",
        "extent" : {
          "@type" : "http://www.w3.org/2001/XMLSchema#integer",
          "@value" : "283055"
        },
        "format" : "application/pdf",
        "http://purl.org/dc/terms/modified" : "2024-12-13T15:50:55Z",
        "label" : "2_FG_FG2.pdf",
        "sha1" : "3b48457bc6f840d10051ac5d868835fdaabcbd0a"
      } ],
      "http://www.w3.org/1999/02/22-rdf-syntax-ns#type" : {
        "id" : "http://purl.org/dc/dcmitype/Collection"
      },
      "label" : "2_august_focus_groups"
    }, {
      "id" : "33z5jc8fa6tob21ptrugzqog08/transcripts/1_july_interviews",
      "hasPart" : [ {
        "id" : "33z5jc8fa6tob21ptrugzqog08/transcripts/1_july_interviews/1_Int_P11.pdf",
        "extent" : {
          "@type" : "http://www.w3.org/2001/XMLSchema#integer",
          "@value" : "185400"
        },
        "format" : "application/pdf",
        "http://purl.org/dc/terms/modified" : "2024-12-13T15:44:29Z",
        "label" : "1_Int_P11.pdf",
        "sha1" : "0daf021679f3273ecffc8d585cbb2b9411d7c2fa"
      }, {
        "id" : "33z5jc8fa6tob21ptrugzqog08/transcripts/1_july_interviews/1_Int_P12.pdf",
        "extent" : {
          "@type" : "http://www.w3.org/2001/XMLSchema#integer",
          "@value" : "146825"
        },
        "format" : "application/pdf",
        "http://purl.org/dc/terms/modified" : "2024-12-13T15:44:32Z",
        "label" : "1_Int_P12.pdf",
        "sha1" : "d74d74e9cf142d773c02d092905f5182fdc705db"
      }, {
        "id" : "33z5jc8fa6tob21ptrugzqog08/transcripts/1_july_interviews/1_Int_P17.pdf",
        "extent" : {
          "@type" : "http://www.w3.org/2001/XMLSchema#integer",
          "@value" : "190534"
        },
        "format" : "application/pdf",
        "http://purl.org/dc/terms/modified" : "2024-12-13T15:44:47Z",
        "label" : "1_Int_P17.pdf",
        "sha1" : "081b24d29c5af0ec23f69ce850945233b0037110"
      }, {
        "id" : "33z5jc8fa6tob21ptrugzqog08/transcripts/1_july_interviews/1_Int_P09.pdf",
        "extent" : {
          "@type" : "http://www.w3.org/2001/XMLSchema#integer",
          "@value" : "134212"
        },
        "format" : "application/pdf",
        "http://purl.org/dc/terms/modified" : "2024-12-13T15:44:20Z",
        "label" : "1_Int_P09.pdf",
        "sha1" : "8b0dee6829a5541ce07f62b73ab80fb96edcc776"
      }, {
        "id" : "33z5jc8fa6tob21ptrugzqog08/transcripts/1_july_interviews/1_Int_P01.pdf",
        "extent" : {
          "@type" : "http://www.w3.org/2001/XMLSchema#integer",
          "@value" : "155132"
        },
        "format" : "application/pdf",
        "http://purl.org/dc/terms/modified" : "2024-12-13T15:43:57Z",
        "label" : "1_Int_P01.pdf",
        "sha1" : "0d6a3d01e8443d7703ffa71e31d568858c8ce388"
      }, {
        "id" : "33z5jc8fa6tob21ptrugzqog08/transcripts/1_july_interviews/1_Int_P19.pdf",
        "extent" : {
          "@type" : "http://www.w3.org/2001/XMLSchema#integer",
          "@value" : "157320"
        },
        "format" : "application/pdf",
        "http://purl.org/dc/terms/modified" : "2024-12-13T15:44:57Z",
        "label" : "1_Int_P19.pdf",
        "sha1" : "7d6194ce0c93eca797f90fdfb678f8ceb9facf70"
      }, {
        "id" : "33z5jc8fa6tob21ptrugzqog08/transcripts/1_july_interviews/1_Int_P18.pdf",
        "extent" : {
          "@type" : "http://www.w3.org/2001/XMLSchema#integer",
          "@value" : "160329"
        },
        "format" : "application/pdf",
        "http://purl.org/dc/terms/modified" : "2024-12-13T15:44:50Z",
        "label" : "1_Int_P18.pdf",
        "sha1" : "796d0ee0d0238937e31509cc8a14033205e12210"
      }, {
        "id" : "33z5jc8fa6tob21ptrugzqog08/transcripts/1_july_interviews/1_Int_P15.pdf",
        "extent" : {
          "@type" : "http://www.w3.org/2001/XMLSchema#integer",
          "@value" : "138332"
        },
        "format" : "application/pdf",
        "http://purl.org/dc/terms/modified" : "2024-12-13T15:44:39Z",
        "label" : "1_Int_P15.pdf",
        "sha1" : "cdc5214452a95c8ab1c79169635f8be059e40f8c"
      }, {
        "id" : "33z5jc8fa6tob21ptrugzqog08/transcripts/1_july_interviews/1_Int_P07.pdf",
        "extent" : {
          "@type" : "http://www.w3.org/2001/XMLSchema#integer",
          "@value" : "126579"
        },
        "format" : "application/pdf",
        "http://purl.org/dc/terms/modified" : "2024-12-13T15:44:18Z",
        "label" : "1_Int_P07.pdf",
        "sha1" : "4dc6b98dfa9f79e31784837d0d51317a2a51bc11"
      }, {
        "id" : "33z5jc8fa6tob21ptrugzqog08/transcripts/1_july_interviews/1_Int_P16.pdf",
        "extent" : {
          "@type" : "http://www.w3.org/2001/XMLSchema#integer",
          "@value" : "146217"
        },
        "format" : "application/pdf",
        "http://purl.org/dc/terms/modified" : "2024-12-13T15:44:42Z",
        "label" : "1_Int_P16.pdf",
        "sha1" : "f4290258d4ba54e424b1d05a76d4432770aa87dc"
      }, {
        "id" : "33z5jc8fa6tob21ptrugzqog08/transcripts/1_july_interviews/1_Int_P10.pdf",
        "extent" : {
          "@type" : "http://www.w3.org/2001/XMLSchema#integer",
          "@value" : "183098"
        },
        "format" : "application/pdf",
        "http://purl.org/dc/terms/modified" : "2024-12-13T15:44:25Z",
        "label" : "1_Int_P10.pdf",
        "sha1" : "d638730b288d15e765b703f95be06a3dab13afe8"
      }, {
        "id" : "33z5jc8fa6tob21ptrugzqog08/transcripts/1_july_interviews/1_Int_P02.pdf",
        "extent" : {
          "@type" : "http://www.w3.org/2001/XMLSchema#integer",
          "@value" : "172997"
        },
        "format" : "application/pdf",
        "http://purl.org/dc/terms/modified" : "2024-12-13T15:44:00Z",
        "label" : "1_Int_P02.pdf",
        "sha1" : "26c41bd8852effc98f8b0490d886416af1775f12"
      }, {
        "id" : "33z5jc8fa6tob21ptrugzqog08/transcripts/1_july_interviews/1_Int_P13.pdf",
        "extent" : {
          "@type" : "http://www.w3.org/2001/XMLSchema#integer",
          "@value" : "137681"
        },
        "format" : "application/pdf",
        "http://purl.org/dc/terms/modified" : "2024-12-13T15:44:36Z",
        "label" : "1_Int_P13.pdf",
        "sha1" : "38659a0efe745d38226a335bc9a462e1667e3166"
      }, {
        "id" : "33z5jc8fa6tob21ptrugzqog08/transcripts/1_july_interviews/1_Int_P06.pdf",
        "extent" : {
          "@type" : "http://www.w3.org/2001/XMLSchema#integer",
          "@value" : "133689"
        },
        "format" : "application/pdf",
        "http://purl.org/dc/terms/modified" : "2024-12-13T15:44:14Z",
        "label" : "1_Int_P06.pdf",
        "sha1" : "957eb8fa9833e69f4dab9d09f57fb1ad4c496105"
      }, {
        "id" : "33z5jc8fa6tob21ptrugzqog08/transcripts/1_july_interviews/1_Int_P23.pdf",
        "extent" : {
          "@type" : "http://www.w3.org/2001/XMLSchema#integer",
          "@value" : "169782"
        },
        "format" : "application/pdf",
        "http://purl.org/dc/terms/modified" : "2024-12-13T15:45:14Z",
        "label" : "1_Int_P23.pdf",
        "sha1" : "a00b83e1e4bbca39e810a9759c677400b1cd9534"
      }, {
        "id" : "33z5jc8fa6tob21ptrugzqog08/transcripts/1_july_interviews/1_Int_P03.pdf",
        "extent" : {
          "@type" : "http://www.w3.org/2001/XMLSchema#integer",
          "@value" : "154098"
        },
        "format" : "application/pdf",
        "http://purl.org/dc/terms/modified" : "2024-12-13T15:44:03Z",
        "label" : "1_Int_P03.pdf",
        "sha1" : "cd38980d66f8edbd92fa16634368a931dd9f5eab"
      }, {
        "id" : "33z5jc8fa6tob21ptrugzqog08/transcripts/1_july_interviews/1_Int_P22.pdf",
        "extent" : {
          "@type" : "http://www.w3.org/2001/XMLSchema#integer",
          "@value" : "176053"
        },
        "format" : "application/pdf",
        "http://purl.org/dc/terms/modified" : "2024-12-13T15:45:08Z",
        "label" : "1_Int_P22.pdf",
        "sha1" : "c578f16b14300b6dde06fa8d7d2e95a8ce158352"
      }, {
        "id" : "33z5jc8fa6tob21ptrugzqog08/transcripts/1_july_interviews/1_Int_P04.pdf",
        "extent" : {
          "@type" : "http://www.w3.org/2001/XMLSchema#integer",
          "@value" : "170142"
        },
        "format" : "application/pdf",
        "http://purl.org/dc/terms/modified" : "2024-12-13T15:44:07Z",
        "label" : "1_Int_P04.pdf",
        "sha1" : "a95a63802cf8e5dbb90b9645be94ecb79b2f5e0d"
      }, {
        "id" : "33z5jc8fa6tob21ptrugzqog08/transcripts/1_july_interviews/1_Int_P24.pdf",
        "extent" : {
          "@type" : "http://www.w3.org/2001/XMLSchema#integer",
          "@value" : "151912"
        },
        "format" : "application/pdf",
        "http://purl.org/dc/terms/modified" : "2024-12-13T15:45:19Z",
        "label" : "1_Int_P24.pdf",
        "sha1" : "f9b1ed103283ece8c41553a932b317c13bcd786b"
      }, {
        "id" : "33z5jc8fa6tob21ptrugzqog08/transcripts/1_july_interviews/1_Int_P05.pdf",
        "extent" : {
          "@type" : "http://www.w3.org/2001/XMLSchema#integer",
          "@value" : "196129"
        },
        "format" : "application/pdf",
        "http://purl.org/dc/terms/modified" : "2024-12-13T15:44:11Z",
        "label" : "1_Int_P05.pdf",
        "sha1" : "1c80881ba11c5b0f67cdd8516c0bdf797d2cf94b"
      }, {
        "id" : "33z5jc8fa6tob21ptrugzqog08/transcripts/1_july_interviews/1_Int_P21.pdf",
        "extent" : {
          "@type" : "http://www.w3.org/2001/XMLSchema#integer",
          "@value" : "148785"
        },
        "format" : "application/pdf",
        "http://purl.org/dc/terms/modified" : "2024-12-13T15:45:02Z",
        "label" : "1_Int_P21.pdf",
        "sha1" : "d1f16882f63f2a5219feaa3b1c5e81a52d4a16ff"
      } ],
      "http://www.w3.org/1999/02/22-rdf-syntax-ns#type" : {
        "id" : "http://purl.org/dc/dcmitype/Collection"
      },
      "label" : "1_july_interviews"
    }, {
      "id" : "33z5jc8fa6tob21ptrugzqog08/transcripts/4_october_focus_groups",
      "hasPart" : [ {
        "id" : "33z5jc8fa6tob21ptrugzqog08/transcripts/4_october_focus_groups/4_FG_FG1.pdf",
        "extent" : {
          "@type" : "http://www.w3.org/2001/XMLSchema#integer",
          "@value" : "220513"
        },
        "format" : "application/pdf",
        "http://purl.org/dc/terms/modified" : "2024-12-13T15:53:49Z",
        "label" : "4_FG_FG1.pdf",
        "sha1" : "a429549b039c8543fec82b4b27ee59077b386497"
      }, {
        "id" : "33z5jc8fa6tob21ptrugzqog08/transcripts/4_october_focus_groups/4_FG_FG2.pdf",
        "extent" : {
          "@type" : "http://www.w3.org/2001/XMLSchema#integer",
          "@value" : "261503"
        },
        "format" : "application/pdf",
        "http://purl.org/dc/terms/modified" : "2024-12-13T15:53:54Z",
        "label" : "4_FG_FG2.pdf",
        "sha1" : "09c8bb4dd1336839d930ef62e6b75e7fab2923d3"
      }, {
        "id" : "33z5jc8fa6tob21ptrugzqog08/transcripts/4_october_focus_groups/4_FG_FG3.pdf",
        "extent" : {
          "@type" : "http://www.w3.org/2001/XMLSchema#integer",
          "@value" : "217696"
        },
        "format" : "application/pdf",
        "http://purl.org/dc/terms/modified" : "2024-12-13T15:53:58Z",
        "label" : "4_FG_FG3.pdf",
        "sha1" : "cce5dc06df5e42c58938e080792e12706eb42934"
      } ],
      "http://www.w3.org/1999/02/22-rdf-syntax-ns#type" : {
        "id" : "http://purl.org/dc/dcmitype/Collection"
      },
      "label" : "4_october_focus_groups"
    } ],
    "http://www.w3.org/1999/02/22-rdf-syntax-ns#type" : {
      "id" : "http://purl.org/dc/dcmitype/Collection"
    },
    "label" : "transcripts"
  }, {
    "id" : "33z5jc8fa6tob21ptrugzqog08/demographic_data.csv",
    "extent" : {
      "@type" : "http://www.w3.org/2001/XMLSchema#integer",
      "@value" : "1018"
    },
    "format" : "text/plain; charset=windows-1252",
    "label" : "demographic_data.csv",
    "sha1" : "94a0640d7cce724fe46d9d3f91adbefcd43acedc"
  }, {
    "id" : "33z5jc8fa6tob21ptrugzqog08/device_data",
    "hasPart" : {
      "id" : "33z5jc8fa6tob21ptrugzqog08/device_data/processed_state",
      "hasPart" : [ {
        "id" : "33z5jc8fa6tob21ptrugzqog08/device_data/processed_state/P12.csv",
        "extent" : {
          "@type" : "http://www.w3.org/2001/XMLSchema#integer",
          "@value" : "9731399"
        },
        "format" : "text/plain; charset=windows-1252",
        "label" : "P12.csv",
        "sha1" : "0108323f86bb73bad74a22d34b7d43c1fa5ef6fb"
      }, {
        "id" : "33z5jc8fa6tob21ptrugzqog08/device_data/processed_state/P11.csv",
        "extent" : {
          "@type" : "http://www.w3.org/2001/XMLSchema#integer",
          "@value" : "8169423"
        },
        "format" : "text/plain; charset=windows-1252",
        "label" : "P11.csv",
        "sha1" : "8ec187a86ef695cf7d7506a9aae658aa71746c72"
      }, {
        "id" : "33z5jc8fa6tob21ptrugzqog08/device_data/processed_state/P21.csv",
        "extent" : {
          "@type" : "http://www.w3.org/2001/XMLSchema#integer",
          "@value" : "6505039"
        },
        "format" : "text/plain; charset=windows-1252",
        "label" : "P21.csv",
        "sha1" : "bf51ee49822987e77853dae7808082cac02b01e6"
      }, {
        "id" : "33z5jc8fa6tob21ptrugzqog08/device_data/processed_state/P02.csv",
        "extent" : {
          "@type" : "http://www.w3.org/2001/XMLSchema#integer",
          "@value" : "8674566"
        },
        "format" : "text/plain; charset=windows-1252",
        "label" : "P02.csv",
        "sha1" : "d7b9293398b421910f99120164098bc5a9d984ba"
      }, {
        "id" : "33z5jc8fa6tob21ptrugzqog08/device_data/processed_state/P19.csv",
        "extent" : {
          "@type" : "http://www.w3.org/2001/XMLSchema#integer",
          "@value" : "8740253"
        },
        "format" : "text/plain; charset=windows-1252",
        "label" : "P19.csv",
        "sha1" : "5fa710a3d9bb2f7cc04d56341db6532c5cf6a398"
      }, {
        "id" : "33z5jc8fa6tob21ptrugzqog08/device_data/processed_state/P13.csv",
        "extent" : {
          "@type" : "http://www.w3.org/2001/XMLSchema#integer",
          "@value" : "3157170"
        },
        "format" : "text/plain; charset=windows-1252",
        "label" : "P13.csv",
        "sha1" : "810d35bd926fdbeea2e8ea588309a6ac5c5eff75"
      }, {
        "id" : "33z5jc8fa6tob21ptrugzqog08/device_data/processed_state/P15.csv",
        "extent" : {
          "@type" : "http://www.w3.org/2001/XMLSchema#integer",
          "@value" : "8376423"
        },
        "format" : "text/plain; charset=windows-1252",
        "label" : "P15.csv",
        "sha1" : "eaf8e1511bd68d4e839b0519a51c277915107420"
      }, {
        "id" : "33z5jc8fa6tob21ptrugzqog08/device_data/processed_state/P06.csv",
        "extent" : {
          "@type" : "http://www.w3.org/2001/XMLSchema#integer",
          "@value" : "6670186"
        },
        "format" : "text/plain; charset=windows-1252",
        "label" : "P06.csv",
        "sha1" : "022ae816c456b7ce2957cb19b993879e25ca5119"
      }, {
        "id" : "33z5jc8fa6tob21ptrugzqog08/device_data/processed_state/P16.csv",
        "extent" : {
          "@type" : "http://www.w3.org/2001/XMLSchema#integer",
          "@value" : "8714060"
        },
        "format" : "text/plain; charset=windows-1252",
        "label" : "P16.csv",
        "sha1" : "4f3ee8e92cd7662041e5c4e8925d766063df140e"
      }, {
        "id" : "33z5jc8fa6tob21ptrugzqog08/device_data/processed_state/P18.csv",
        "extent" : {
          "@type" : "http://www.w3.org/2001/XMLSchema#integer",
          "@value" : "7357080"
        },
        "format" : "text/plain; charset=windows-1252",
        "label" : "P18.csv",
        "sha1" : "fc0b9507eee5884ded10cfeebfd0cd352734af04"
      }, {
        "id" : "33z5jc8fa6tob21ptrugzqog08/device_data/processed_state/P01.csv",
        "extent" : {
          "@type" : "http://www.w3.org/2001/XMLSchema#integer",
          "@value" : "7507350"
        },
        "format" : "text/plain; charset=windows-1252",
        "label" : "P01.csv",
        "sha1" : "8ca9994f86b33d7f751959b641fe45a8ee9ef100"
      }, {
        "id" : "33z5jc8fa6tob21ptrugzqog08/device_data/processed_state/P24.csv",
        "extent" : {
          "@type" : "http://www.w3.org/2001/XMLSchema#integer",
          "@value" : "8719507"
        },
        "format" : "text/plain; charset=windows-1252",
        "label" : "P24.csv",
        "sha1" : "f6bfe5f908d42eb6e5ba29e6dc6e0c6d2f5bb77a"
      }, {
        "id" : "33z5jc8fa6tob21ptrugzqog08/device_data/processed_state/P04.csv",
        "extent" : {
          "@type" : "http://www.w3.org/2001/XMLSchema#integer",
          "@value" : "9013225"
        },
        "format" : "text/plain; charset=windows-1252",
        "label" : "P04.csv",
        "sha1" : "546c49bd76958415b620ab7975da43f78bfcb6f4"
      }, {
        "id" : "33z5jc8fa6tob21ptrugzqog08/device_data/processed_state/P23.csv",
        "extent" : {
          "@type" : "http://www.w3.org/2001/XMLSchema#integer",
          "@value" : "3742295"
        },
        "format" : "text/plain; charset=windows-1252",
        "label" : "P23.csv",
        "sha1" : "db6bc96013fcd5ff079a9fb6fc361b63550d5c64"
      }, {
        "id" : "33z5jc8fa6tob21ptrugzqog08/device_data/processed_state/P17.csv",
        "extent" : {
          "@type" : "http://www.w3.org/2001/XMLSchema#integer",
          "@value" : "5483054"
        },
        "format" : "text/plain; charset=windows-1252",
        "label" : "P17.csv",
        "sha1" : "e4bfea027189492f8ed14b7765cf868352bb8925"
      }, {
        "id" : "33z5jc8fa6tob21ptrugzqog08/device_data/processed_state/P22.csv",
        "extent" : {
          "@type" : "http://www.w3.org/2001/XMLSchema#integer",
          "@value" : "8378057"
        },
        "format" : "text/plain; charset=windows-1252",
        "label" : "P22.csv",
        "sha1" : "e9768cf36e2611504e713e5d8ef124a3d8217c37"
      }, {
        "id" : "33z5jc8fa6tob21ptrugzqog08/device_data/processed_state/P07.csv",
        "extent" : {
          "@type" : "http://www.w3.org/2001/XMLSchema#integer",
          "@value" : "6393869"
        },
        "format" : "text/plain; charset=windows-1252",
        "label" : "P07.csv",
        "sha1" : "ce40f06f3977a0707cfc608a08936a5d2bf0e145"
      }, {
        "id" : "33z5jc8fa6tob21ptrugzqog08/device_data/processed_state/P10.csv",
        "extent" : {
          "@type" : "http://www.w3.org/2001/XMLSchema#integer",
          "@value" : "8320362"
        },
        "format" : "text/plain; charset=windows-1252",
        "label" : "P10.csv",
        "sha1" : "79288ddc55acc2d20ada98626850367c3215f833"
      }, {
        "id" : "33z5jc8fa6tob21ptrugzqog08/device_data/processed_state/P03.csv",
        "extent" : {
          "@type" : "http://www.w3.org/2001/XMLSchema#integer",
          "@value" : "4057711"
        },
        "format" : "text/plain; charset=windows-1252",
        "label" : "P03.csv",
        "sha1" : "b6031a29e37cfc14ab3ac76040c33a360a0f1611"
      }, {
        "id" : "33z5jc8fa6tob21ptrugzqog08/device_data/processed_state/P05.csv",
        "extent" : {
          "@type" : "http://www.w3.org/2001/XMLSchema#integer",
          "@value" : "8265625"
        },
        "format" : "text/plain; charset=windows-1252",
        "label" : "P05.csv",
        "sha1" : "74cf61fbc6355b355fab8868493bf6afeeafd2c5"
      } ],
      "http://www.w3.org/1999/02/22-rdf-syntax-ns#type" : {
        "id" : "http://purl.org/dc/dcmitype/Collection"
      },
      "label" : "processed_state"
    },
    "http://www.w3.org/1999/02/22-rdf-syntax-ns#type" : {
      "id" : "http://purl.org/dc/dcmitype/Collection"
    },
    "label" : "device_data"
  } ],
  "issued" : "2025",
  "language" : "eng",
  "license" : {
    "id" : "https://creativecommons.org/licenses/by/4.0/"
  },
  "publisher" : "University of Bristol",
  "source" : "RDSF1/projects/BrisT1D_Dataset/export/Data-Bris/brist1d-open",
  "title" : "BrisT1D-Open Dataset",
  "type" : {
    "id" : "http://purl.org/dc/dcmitype/Dataset"
  },
  "wasGeneratedBy" : [ {
    "used" : "uk.ac.bristol.dundry.tasks.SyncTask",
    "wasEndedAt" : {
      "@type" : "http://www.w3.org/2001/XMLSchema#dateTime",
      "@value" : "2025-04-16T09:42:22.805Z"
    },
    "wasStartedAt" : {
      "@type" : "http://www.w3.org/2001/XMLSchema#dateTime",
      "@value" : "2025-04-16T09:42:21.294Z"
    }
  }, {
    "used" : "uk.ac.bristol.dundry.tasks.PreviewSymLinkTask",
    "wasEndedAt" : {
      "@type" : "http://www.w3.org/2001/XMLSchema#dateTime",
      "@value" : "2025-03-07T14:23:04.928Z"
    },
    "wasStartedAt" : {
      "@type" : "http://www.w3.org/2001/XMLSchema#dateTime",
      "@value" : "2025-03-07T14:23:04.917Z"
    }
  }, {
    "used" : "uk.ac.bristol.dundry.tasks.EnsurePublicPermissions",
    "wasEndedAt" : {
      "@type" : "http://www.w3.org/2001/XMLSchema#dateTime",
      "@value" : "2025-03-12T13:52:11.956Z"
    },
    "wasStartedAt" : {
      "@type" : "http://www.w3.org/2001/XMLSchema#dateTime",
      "@value" : "2025-03-12T13:51:11.613Z"
    }
  }, {
    "used" : "uk.ac.bristol.dundry.tasks.EnsurePublicPermissions",
    "wasEndedAt" : {
      "@type" : "http://www.w3.org/2001/XMLSchema#dateTime",
      "@value" : "2025-04-10T17:00:51.863Z"
    },
    "wasStartedAt" : {
      "@type" : "http://www.w3.org/2001/XMLSchema#dateTime",
      "@value" : "2025-04-10T17:00:51.488Z"
    }
  }, {
    "used" : "uk.ac.bristol.dundry.tasks.StateChanger",
    "wasEndedAt" : {
      "@type" : "http://www.w3.org/2001/XMLSchema#dateTime",
      "@value" : "2025-04-10T17:00:51.915Z"
    },
    "wasStartedAt" : {
      "@type" : "http://www.w3.org/2001/XMLSchema#dateTime",
      "@value" : "2025-04-10T17:00:51.902Z"
    }
  }, {
    "used" : "uk.ac.bristol.dundry.tasks.PublishSymLinkTask",
    "wasEndedAt" : {
      "@type" : "http://www.w3.org/2001/XMLSchema#dateTime",
      "@value" : "2025-04-29T12:31:01.813Z"
    },
    "wasStartedAt" : {
      "@type" : "http://www.w3.org/2001/XMLSchema#dateTime",
      "@value" : "2025-04-29T12:31:01.74Z"
    }
  }, {
    "used" : "uk.ac.bristol.dundry.tasks.SyncTask",
    "wasEndedAt" : {
      "@type" : "http://www.w3.org/2001/XMLSchema#dateTime",
      "@value" : "2025-04-07T15:20:26.712Z"
    },
    "wasStartedAt" : {
      "@type" : "http://www.w3.org/2001/XMLSchema#dateTime",
      "@value" : "2025-04-07T15:18:55.166Z"
    }
  }, {
    "used" : "uk.ac.bristol.dundry.tasks.EnsurePublicPermissions",
    "wasEndedAt" : {
      "@type" : "http://www.w3.org/2001/XMLSchema#dateTime",
      "@value" : "2025-03-12T16:12:12.848Z"
    },
    "wasStartedAt" : {
      "@type" : "http://www.w3.org/2001/XMLSchema#dateTime",
      "@value" : "2025-03-12T16:11:28.048Z"
    }
  }, {
    "used" : "uk.ac.bristol.dundry.tasks.MDExtractTika",
    "wasEndedAt" : {
      "@type" : "http://www.w3.org/2001/XMLSchema#dateTime",
      "@value" : "2025-04-29T12:31:00.043Z"
    },
    "wasStartedAt" : {
      "@type" : "http://www.w3.org/2001/XMLSchema#dateTime",
      "@value" : "2025-04-29T12:30:57.702Z"
    }
  }, {
    "used" : "uk.ac.bristol.dundry.tasks.StateChanger",
    "wasEndedAt" : {
      "@type" : "http://www.w3.org/2001/XMLSchema#dateTime",
      "@value" : "2025-03-12T16:12:12.894Z"
    },
    "wasStartedAt" : {
      "@type" : "http://www.w3.org/2001/XMLSchema#dateTime",
      "@value" : "2025-03-12T16:12:12.881Z"
    }
  }, {
    "used" : "uk.ac.bristol.dundry.tasks.EnsurePublicPermissions",
    "wasEndedAt" : {
      "@type" : "http://www.w3.org/2001/XMLSchema#dateTime",
      "@value" : "2025-04-07T15:21:13.096Z"
    },
    "wasStartedAt" : {
      "@type" : "http://www.w3.org/2001/XMLSchema#dateTime",
      "@value" : "2025-04-07T15:20:31.499Z"
    }
  }, {
    "used" : "uk.ac.bristol.dundry.tasks.PreviewSymLinkTask",
    "wasEndedAt" : {
      "@type" : "http://www.w3.org/2001/XMLSchema#dateTime",
      "@value" : "2025-03-12T13:51:05.383Z"
    },
    "wasStartedAt" : {
      "@type" : "http://www.w3.org/2001/XMLSchema#dateTime",
      "@value" : "2025-03-12T13:51:05.371Z"
    }
  }, {
    "used" : "uk.ac.bristol.dundry.tasks.SyncTask",
    "wasEndedAt" : {
      "@type" : "http://www.w3.org/2001/XMLSchema#dateTime",
      "@value" : "2025-03-12T16:11:19.654Z"
    },
    "wasStartedAt" : {
      "@type" : "http://www.w3.org/2001/XMLSchema#dateTime",
      "@value" : "2025-03-12T16:10:00.113Z"
    }
  }, {
    "used" : "uk.ac.bristol.dundry.tasks.StateChanger",
    "wasEndedAt" : {
      "@type" : "http://www.w3.org/2001/XMLSchema#dateTime",
      "@value" : "2025-04-10T16:42:52.93Z"
    },
    "wasStartedAt" : {
      "@type" : "http://www.w3.org/2001/XMLSchema#dateTime",
      "@value" : "2025-04-10T16:42:52.918Z"
    }
  }, {
    "used" : "uk.ac.bristol.dundry.tasks.GenerateApacheIndexes",
    "wasEndedAt" : {
      "@type" : "http://www.w3.org/2001/XMLSchema#dateTime",
      "@value" : "2025-04-16T09:42:23.135Z"
    },
    "wasStartedAt" : {
      "@type" : "http://www.w3.org/2001/XMLSchema#dateTime",
      "@value" : "2025-04-16T09:42:22.889Z"
    }
  }, {
    "used" : "uk.ac.bristol.dundry.tasks.DataCiteSubmit",
    "wasEndedAt" : {
      "@type" : "http://www.w3.org/2001/XMLSchema#dateTime",
      "@value" : "2025-04-29T12:31:01.58Z"
    },
    "wasStartedAt" : {
      "@type" : "http://www.w3.org/2001/XMLSchema#dateTime",
      "@value" : "2025-04-29T12:31:00.587Z"
    }
  }, {
    "used" : "uk.ac.bristol.dundry.tasks.GenerateApacheIndexes",
    "wasEndedAt" : {
      "@type" : "http://www.w3.org/2001/XMLSchema#dateTime",
      "@value" : "2025-03-12T16:11:28.016Z"
    },
    "wasStartedAt" : {
      "@type" : "http://www.w3.org/2001/XMLSchema#dateTime",
      "@value" : "2025-03-12T16:11:19.764Z"
    }
  }, {
    "used" : "uk.ac.bristol.dundry.tasks.GenerateApacheIndexes",
    "wasEndedAt" : {
      "@type" : "http://www.w3.org/2001/XMLSchema#dateTime",
      "@value" : "2025-04-07T15:20:31.468Z"
    },
    "wasStartedAt" : {
      "@type" : "http://www.w3.org/2001/XMLSchema#dateTime",
      "@value" : "2025-04-07T15:20:26.793Z"
    }
  }, {
    "used" : "uk.ac.bristol.dundry.tasks.ZipPreTask",
    "wasEndedAt" : {
      "@type" : "http://www.w3.org/2001/XMLSchema#dateTime",
      "@value" : "2025-04-29T12:31:02.551Z"
    },
    "wasStartedAt" : {
      "@type" : "http://www.w3.org/2001/XMLSchema#dateTime",
      "@value" : "2025-04-29T12:31:01.961Z"
    }
  }, {
    "used" : "uk.ac.bristol.dundry.tasks.IndexDepositTask",
    "wasEndedAt" : {
      "@type" : "http://www.w3.org/2001/XMLSchema#dateTime",
      "@value" : "2025-04-29T12:30:56.14Z"
    },
    "wasStartedAt" : {
      "@type" : "http://www.w3.org/2001/XMLSchema#dateTime",
      "@value" : "2025-04-29T12:30:50.203Z"
    }
  }, {
    "used" : "uk.ac.bristol.dundry.tasks.RemovePreviewSymLinkTask",
    "wasEndedAt" : {
      "@type" : "http://www.w3.org/2001/XMLSchema#dateTime",
      "@value" : "2025-04-29T12:30:50.129Z"
    },
    "wasStartedAt" : {
      "@type" : "http://www.w3.org/2001/XMLSchema#dateTime",
      "@value" : "2025-04-29T12:30:50.118Z"
    }
  }, {
    "used" : "uk.ac.bristol.dundry.tasks.GenerateApacheIndexes",
    "wasEndedAt" : {
      "@type" : "http://www.w3.org/2001/XMLSchema#dateTime",
      "@value" : "2025-04-10T16:43:18.7Z"
    },
    "wasStartedAt" : {
      "@type" : "http://www.w3.org/2001/XMLSchema#dateTime",
      "@value" : "2025-04-10T16:43:18.458Z"
    }
  }, {
    "used" : "uk.ac.bristol.dundry.tasks.PreviewSymLinkTask",
    "wasEndedAt" : {
      "@type" : "http://www.w3.org/2001/XMLSchema#dateTime",
      "@value" : "2025-04-16T09:42:22.854Z"
    },
    "wasStartedAt" : {
      "@type" : "http://www.w3.org/2001/XMLSchema#dateTime",
      "@value" : "2025-04-16T09:42:22.846Z"
    }
  }, {
    "used" : "uk.ac.bristol.dundry.tasks.SyncTask",
    "wasEndedAt" : {
      "@type" : "http://www.w3.org/2001/XMLSchema#dateTime",
      "@value" : "2025-04-10T16:43:18.384Z"
    },
    "wasStartedAt" : {
      "@type" : "http://www.w3.org/2001/XMLSchema#dateTime",
      "@value" : "2025-04-10T16:43:17.877Z"
    }
  }, {
    "used" : "uk.ac.bristol.dundry.tasks.EnsurePublicPermissions",
    "wasEndedAt" : {
      "@type" : "http://www.w3.org/2001/XMLSchema#dateTime",
      "@value" : "2025-03-07T14:24:05.334Z"
    },
    "wasStartedAt" : {
      "@type" : "http://www.w3.org/2001/XMLSchema#dateTime",
      "@value" : "2025-03-07T14:23:11.447Z"
    }
  }, {
    "used" : "uk.ac.bristol.dundry.tasks.StateChanger",
    "wasEndedAt" : {
      "@type" : "http://www.w3.org/2001/XMLSchema#dateTime",
      "@value" : "2025-03-12T13:52:12.007Z"
    },
    "wasStartedAt" : {
      "@type" : "http://www.w3.org/2001/XMLSchema#dateTime",
      "@value" : "2025-03-12T13:52:11.993Z"
    }
  }, {
    "used" : "uk.ac.bristol.dundry.tasks.EnsurePublicPermissions",
    "wasEndedAt" : {
      "@type" : "http://www.w3.org/2001/XMLSchema#dateTime",
      "@value" : "2025-03-07T14:18:52.94Z"
    },
    "wasStartedAt" : {
      "@type" : "http://www.w3.org/2001/XMLSchema#dateTime",
      "@value" : "2025-03-07T14:17:47.338Z"
    }
  }, {
    "used" : "uk.ac.bristol.dundry.tasks.SyncTask",
    "wasEndedAt" : {
      "@type" : "http://www.w3.org/2001/XMLSchema#dateTime",
      "@value" : "2025-03-12T13:51:05.34Z"
    },
    "wasStartedAt" : {
      "@type" : "http://www.w3.org/2001/XMLSchema#dateTime",
      "@value" : "2025-03-12T13:48:43.275Z"
    }
  }, {
    "used" : "uk.ac.bristol.dundry.tasks.StateChanger",
    "wasEndedAt" : {
      "@type" : "http://www.w3.org/2001/XMLSchema#dateTime",
      "@value" : "2025-04-16T09:42:23.787Z"
    },
    "wasStartedAt" : {
      "@type" : "http://www.w3.org/2001/XMLSchema#dateTime",
      "@value" : "2025-04-16T09:42:23.602Z"
    }
  }, {
    "used" : "uk.ac.bristol.dundry.tasks.EnsurePublicPermissions",
    "wasEndedAt" : {
      "@type" : "http://www.w3.org/2001/XMLSchema#dateTime",
      "@value" : "2025-04-10T16:42:52.884Z"
    },
    "wasStartedAt" : {
      "@type" : "http://www.w3.org/2001/XMLSchema#dateTime",
      "@value" : "2025-04-10T16:42:52.562Z"
    }
  }, {
    "used" : "uk.ac.bristol.dundry.tasks.GenerateApacheIndexes",
    "wasEndedAt" : {
      "@type" : "http://www.w3.org/2001/XMLSchema#dateTime",
      "@value" : "2025-03-12T13:51:11.581Z"
    },
    "wasStartedAt" : {
      "@type" : "http://www.w3.org/2001/XMLSchema#dateTime",
      "@value" : "2025-03-12T13:51:05.412Z"
    }
  }, {
    "used" : "uk.ac.bristol.dundry.tasks.StateChanger",
    "wasEndedAt" : {
      "@type" : "http://www.w3.org/2001/XMLSchema#dateTime",
      "@value" : "2025-04-07T15:21:13.141Z"
    },
    "wasStartedAt" : {
      "@type" : "http://www.w3.org/2001/XMLSchema#dateTime",
      "@value" : "2025-04-07T15:21:13.129Z"
    }
  }, {
    "used" : "uk.ac.bristol.dundry.tasks.SyncTask",
    "wasEndedAt" : {
      "@type" : "http://www.w3.org/2001/XMLSchema#dateTime",
      "@value" : "2025-03-07T14:23:04.887Z"
    },
    "wasStartedAt" : {
      "@type" : "http://www.w3.org/2001/XMLSchema#dateTime",
      "@value" : "2025-03-07T14:21:44.854Z"
    }
  }, {
    "used" : "uk.ac.bristol.dundry.tasks.GenerateApacheIndexes",
    "wasEndedAt" : {
      "@type" : "http://www.w3.org/2001/XMLSchema#dateTime",
      "@value" : "2025-03-07T14:23:11.418Z"
    },
    "wasStartedAt" : {
      "@type" : "http://www.w3.org/2001/XMLSchema#dateTime",
      "@value" : "2025-03-07T14:23:04.956Z"
    }
  }, {
    "used" : "uk.ac.bristol.dundry.tasks.PreviewSymLinkTask",
    "wasEndedAt" : {
      "@type" : "http://www.w3.org/2001/XMLSchema#dateTime",
      "@value" : "2025-03-12T16:11:19.702Z"
    },
    "wasStartedAt" : {
      "@type" : "http://www.w3.org/2001/XMLSchema#dateTime",
      "@value" : "2025-03-12T16:11:19.688Z"
    }
  }, {
    "used" : "uk.ac.bristol.dundry.tasks.SyncTask",
    "wasEndedAt" : {
      "@type" : "http://www.w3.org/2001/XMLSchema#dateTime",
      "@value" : "2025-04-10T17:00:50.922Z"
    },
    "wasStartedAt" : {
      "@type" : "http://www.w3.org/2001/XMLSchema#dateTime",
      "@value" : "2025-04-10T17:00:50.406Z"
    }
  }, {
    "used" : "uk.ac.bristol.dundry.tasks.PreviewSymLinkTask",
    "wasEndedAt" : {
      "@type" : "http://www.w3.org/2001/XMLSchema#dateTime",
      "@value" : "2025-04-10T16:42:52.087Z"
    },
    "wasStartedAt" : {
      "@type" : "http://www.w3.org/2001/XMLSchema#dateTime",
      "@value" : "2025-04-10T16:42:51.897Z"
    }
  }, {
    "used" : "uk.ac.bristol.dundry.tasks.GenerateApacheIndexes",
    "wasEndedAt" : {
      "@type" : "http://www.w3.org/2001/XMLSchema#dateTime",
      "@value" : "2025-04-10T17:00:51.452Z"
    },
    "wasStartedAt" : {
      "@type" : "http://www.w3.org/2001/XMLSchema#dateTime",
      "@value" : "2025-04-10T17:00:51.181Z"
    }
  }, {
    "used" : "uk.ac.bristol.dundry.tasks.EnsurePublicPermissions",
    "wasEndedAt" : {
      "@type" : "http://www.w3.org/2001/XMLSchema#dateTime",
      "@value" : "2025-04-16T09:42:23.557Z"
    },
    "wasStartedAt" : {
      "@type" : "http://www.w3.org/2001/XMLSchema#dateTime",
      "@value" : "2025-04-16T09:42:23.173Z"
    }
  }, {
    "used" : "uk.ac.bristol.dundry.tasks.GenerateApacheIndexes",
    "wasEndedAt" : {
      "@type" : "http://www.w3.org/2001/XMLSchema#dateTime",
      "@value" : "2025-04-10T16:42:52.526Z"
    },
    "wasStartedAt" : {
      "@type" : "http://www.w3.org/2001/XMLSchema#dateTime",
      "@value" : "2025-04-10T16:42:52.126Z"
    }
  }, {
    "used" : "uk.ac.bristol.dundry.tasks.PreviewSymLinkTask",
    "wasEndedAt" : {
      "@type" : "http://www.w3.org/2001/XMLSchema#dateTime",
      "@value" : "2025-04-10T17:00:51.149Z"
    },
    "wasStartedAt" : {
      "@type" : "http://www.w3.org/2001/XMLSchema#dateTime",
      "@value" : "2025-04-10T17:00:50.959Z"
    }
  }, {
    "used" : "uk.ac.bristol.dundry.tasks.SyncTask",
    "wasEndedAt" : {
      "@type" : "http://www.w3.org/2001/XMLSchema#dateTime",
      "@value" : "2025-03-07T14:17:38.406Z"
    },
    "wasStartedAt" : {
      "@type" : "http://www.w3.org/2001/XMLSchema#dateTime",
      "@value" : "2025-03-07T14:05:26.142Z"
    }
  }, {
    "used" : "uk.ac.bristol.dundry.tasks.SyncTask",
    "wasEndedAt" : {
      "@type" : "http://www.w3.org/2001/XMLSchema#dateTime",
      "@value" : "2025-04-10T16:42:51.857Z"
    },
    "wasStartedAt" : {
      "@type" : "http://www.w3.org/2001/XMLSchema#dateTime",
      "@value" : "2025-04-10T16:41:08.301Z"
    }
  }, {
    "used" : "uk.ac.bristol.dundry.tasks.EnsurePublicPermissions",
    "wasEndedAt" : {
      "@type" : "http://www.w3.org/2001/XMLSchema#dateTime",
      "@value" : "2025-04-10T16:43:18.879Z"
    },
    "wasStartedAt" : {
      "@type" : "http://www.w3.org/2001/XMLSchema#dateTime",
      "@value" : "2025-04-10T16:43:18.735Z"
    }
  }, {
    "used" : "uk.ac.bristol.dundry.tasks.StateChanger",
    "wasEndedAt" : {
      "@type" : "http://www.w3.org/2001/XMLSchema#dateTime",
      "@value" : "2025-03-07T14:18:52.974Z"
    },
    "wasStartedAt" : {
      "@type" : "http://www.w3.org/2001/XMLSchema#dateTime",
      "@value" : "2025-03-07T14:18:52.964Z"
    }
  }, {
    "used" : "uk.ac.bristol.dundry.tasks.PreviewSymLinkTask",
    "wasEndedAt" : {
      "@type" : "http://www.w3.org/2001/XMLSchema#dateTime",
      "@value" : "2025-03-07T14:17:38.5Z"
    },
    "wasStartedAt" : {
      "@type" : "http://www.w3.org/2001/XMLSchema#dateTime",
      "@value" : "2025-03-07T14:17:38.44Z"
    }
  }, {
    "used" : "uk.ac.bristol.dundry.tasks.StateChanger",
    "wasEndedAt" : {
      "@type" : "http://www.w3.org/2001/XMLSchema#dateTime",
      "@value" : "2025-03-07T14:24:05.395Z"
    },
    "wasStartedAt" : {
      "@type" : "http://www.w3.org/2001/XMLSchema#dateTime",
      "@value" : "2025-03-07T14:24:05.382Z"
    }
  }, {
    "used" : "uk.ac.bristol.dundry.tasks.PreviewSymLinkTask",
    "wasEndedAt" : {
      "@type" : "http://www.w3.org/2001/XMLSchema#dateTime",
      "@value" : "2025-04-07T15:20:26.76Z"
    },
    "wasStartedAt" : {
      "@type" : "http://www.w3.org/2001/XMLSchema#dateTime",
      "@value" : "2025-04-07T15:20:26.747Z"
    }
  }, {
    "used" : "uk.ac.bristol.dundry.tasks.StateChanger",
    "wasEndedAt" : {
      "@type" : "http://www.w3.org/2001/XMLSchema#dateTime",
      "@value" : "2025-04-10T16:43:19.018Z"
    },
    "wasStartedAt" : {
      "@type" : "http://www.w3.org/2001/XMLSchema#dateTime",
      "@value" : "2025-04-10T16:43:18.916Z"
    }
  }, {
    "used" : "uk.ac.bristol.dundry.tasks.GenerateApacheIndexes",
    "wasEndedAt" : {
      "@type" : "http://www.w3.org/2001/XMLSchema#dateTime",
      "@value" : "2025-03-07T14:17:47.309Z"
    },
    "wasStartedAt" : {
      "@type" : "http://www.w3.org/2001/XMLSchema#dateTime",
      "@value" : "2025-03-07T14:17:38.527Z"
    }
  }, {
    "used" : "uk.ac.bristol.dundry.tasks.PreviewSymLinkTask",
    "wasEndedAt" : {
      "@type" : "http://www.w3.org/2001/XMLSchema#dateTime",
      "@value" : "2025-04-10T16:43:18.421Z"
    },
    "wasStartedAt" : {
      "@type" : "http://www.w3.org/2001/XMLSchema#dateTime",
      "@value" : "2025-04-10T16:43:18.418Z"
    }
  } ],
  "doi" : "10.5523/bris.33z5jc8fa6tob21ptrugzqog08",
  "base_directory" : "/RDSF1/projects/BrisT1D_Dataset",
  "data_steward" : {
    "id" : "http://data.bris.ac.uk/people/521643",
    "label" : "Zahraa Abdallah"
  },
  "depositor" : "ej20262",
  "funding" : [ {
    "identifier" : "EP/Y028392/1",
    "funder" : {
      "id" : "http://dx.doi.org/10.13039/501100000266",
      "label" : "Engineering and Physical Sciences Research Council"
    }
  }, {
    "identifier" : "EP/S023704/1",
    "funder" : {
      "id" : "http://dx.doi.org/10.13039/501100000266",
      "label" : "Engineering and Physical Sciences Research Council"
    }
  } ],
  "includes_third_party_data" : "0",
  "organisation" : {
    "id" : "http://data.bris.ac.uk/orgs/FENG"
  },
  "other_licences" : "0",
  "project" : "BrisT1D_Dataset",
  "state" : "Publishing",
  "creators" : [ {
    "id" : "http://data.bris.ac.uk/people/379308",
    "label" : "Sam Gordon James"
  }, {
    "id" : "http://data.bris.ac.uk/people/397757",
    "label" : "Miranda Armstrong"
  }, {
    "id" : "http://data.bris.ac.uk/people/394771",
    "label" : "Aisling O'Kane"
  }, {
    "id" : "http://data.bris.ac.uk/people/547477",
    "label" : "Harry Emerson"
  }, {
    "id" : "http://data.bris.ac.uk/people/521643",
    "label" : "Zahraa Abdallah"
  } ],
  "@context" : "http://vocab.bris.ac.uk/datasets.json",
  "@base" : "https://data.bris.ac.uk/datasets/"
}